DELETE FROM "m_packages";
INSERT INTO "m_packages"("m_package_id", "package_name", "type", "expiration_date", "created_date", "created_user", "updated_date", "updated_user") VALUES (1, 'CRMパック', 1, null, now(), -1, now(), -1);
INSERT INTO "m_packages"("m_package_id", "package_name", "type", "expiration_date", "created_date", "created_user", "updated_date", "updated_user") VALUES (2, 'GWパック', 1, null, now(), -1, now(), -1);
INSERT INTO "m_packages"("m_package_id", "package_name", "type", "expiration_date", "created_date", "created_user", "updated_date", "updated_user") VALUES (3, '名刺デジタル化', 2, null, now(), -1, now(), -1);
INSERT INTO "m_packages"("m_package_id", "package_name", "type", "expiration_date", "created_date", "created_user", "updated_date", "updated_user") VALUES (4, '容量10GB追加', 2, null, now(), -1, now(), -1);
INSERT INTO "m_packages"("m_package_id", "package_name", "type", "expiration_date", "created_date", "created_user", "updated_date", "updated_user") VALUES (5, 'カレンダー顧客参照パック', 1, null, now(), -1, now(), -1);
INSERT INTO "m_packages"("m_package_id", "package_name", "type", "expiration_date", "created_date", "created_user", "updated_date", "updated_user") VALUES (6, 'CRM+GW', 1, null, now(), -1, now(), -1);
INSERT INTO "m_packages"("m_package_id", "package_name", "type", "expiration_date", "created_date", "created_user", "updated_date", "updated_user") VALUES (7, 'マップ', 1, null, now(), -1, now(), -1);
-- test full service
INSERT INTO "m_packages"("m_package_id", "package_name", "type", "expiration_date", "created_date", "created_user", "updated_date", "updated_user") VALUES (8, 'Test', 1, null, now(), -1, now(), -1);

DELETE FROM "m_packages_services";
INSERT INTO "m_packages_services"("m_package_service_id", "m_package_id", "m_service_id", "child_id", "is_active", "created_date", "created_user", "updated_date", "updated_user") VALUES (2, 5, 0, 0, 't', now(), -1, now(), -1);
INSERT INTO "m_packages_services"("m_package_service_id", "m_package_id", "m_service_id", "child_id", "is_active", "created_date", "created_user", "updated_date", "updated_user") VALUES (3, 1, 4, 0, 't', now(), -1, now(), -1);
INSERT INTO "m_packages_services"("m_package_service_id", "m_package_id", "m_service_id", "child_id", "is_active", "created_date", "created_user", "updated_date", "updated_user") VALUES (4, 1, 5, 0, 't', now(), -1, now(), -1);
INSERT INTO "m_packages_services"("m_package_service_id", "m_package_id", "m_service_id", "child_id", "is_active", "created_date", "created_user", "updated_date", "updated_user") VALUES (5, 1, 14, 0, 't', now(), -1, now(), -1);
INSERT INTO "m_packages_services"("m_package_service_id", "m_package_id", "m_service_id", "child_id", "is_active", "created_date", "created_user", "updated_date", "updated_user") VALUES (6, 1, 16, 0, 't', now(), -1, now(), -1);
INSERT INTO "m_packages_services"("m_package_service_id", "m_package_id", "m_service_id", "child_id", "is_active", "created_date", "created_user", "updated_date", "updated_user") VALUES (7, 2, 2, 0, 't', now(), -1, now(), -1);
INSERT INTO "m_packages_services"("m_package_service_id", "m_package_id", "m_service_id", "child_id", "is_active", "created_date", "created_user", "updated_date", "updated_user") VALUES (8, 2, 15, 0, 't', now(), -1, now(), -1);
INSERT INTO "m_packages_services"("m_package_service_id", "m_package_id", "m_service_id", "child_id", "is_active", "created_date", "created_user", "updated_date", "updated_user") VALUES (9, 6, 0, 1, 't', now(), -1, now(), -1);
INSERT INTO "m_packages_services"("m_package_service_id", "m_package_id", "m_service_id", "child_id", "is_active", "created_date", "created_user", "updated_date", "updated_user") VALUES (10, 6, 0, 2, 't', now(), -1, now(), -1);
INSERT INTO "m_packages_services"("m_package_service_id", "m_package_id", "m_service_id", "child_id", "is_active", "created_date", "created_user", "updated_date", "updated_user") VALUES (11, 7, 39, NULL, 't', now(), -1, now(), -1);
-- test full service
INSERT INTO "m_packages_services"("m_package_service_id", "m_package_id", "m_service_id", "child_id", "is_active", "created_date", "created_user", "updated_date", "updated_user") VALUES (12, 8, 2, 0, 't', now(), -1, now(), -1);
INSERT INTO "m_packages_services"("m_package_service_id", "m_package_id", "m_service_id", "child_id", "is_active", "created_date", "created_user", "updated_date", "updated_user") VALUES (13, 8, 3, 0, 't', now(), -1, now(), -1);
INSERT INTO "m_packages_services"("m_package_service_id", "m_package_id", "m_service_id", "child_id", "is_active", "created_date", "created_user", "updated_date", "updated_user") VALUES (14, 8, 4, 0, 't', now(), -1, now(), -1);
INSERT INTO "m_packages_services"("m_package_service_id", "m_package_id", "m_service_id", "child_id", "is_active", "created_date", "created_user", "updated_date", "updated_user") VALUES (15, 8, 5, 0, 't', now(), -1, now(), -1);
INSERT INTO "m_packages_services"("m_package_service_id", "m_package_id", "m_service_id", "child_id", "is_active", "created_date", "created_user", "updated_date", "updated_user") VALUES (16, 8, 6, 0, 't', now(), -1, now(), -1);
INSERT INTO "m_packages_services"("m_package_service_id", "m_package_id", "m_service_id", "child_id", "is_active", "created_date", "created_user", "updated_date", "updated_user") VALUES (17, 8, 8, 0, 't', now(), -1, now(), -1);
INSERT INTO "m_packages_services"("m_package_service_id", "m_package_id", "m_service_id", "child_id", "is_active", "created_date", "created_user", "updated_date", "updated_user") VALUES (18, 8, 9, 0, 't', now(), -1, now(), -1);
INSERT INTO "m_packages_services"("m_package_service_id", "m_package_id", "m_service_id", "child_id", "is_active", "created_date", "created_user", "updated_date", "updated_user") VALUES (19, 8, 14, 0, 't', now(), -1, now(), -1);
INSERT INTO "m_packages_services"("m_package_service_id", "m_package_id", "m_service_id", "child_id", "is_active", "created_date", "created_user", "updated_date", "updated_user") VALUES (20, 8, 15, 0, 't', now(), -1, now(), -1);
INSERT INTO "m_packages_services"("m_package_service_id", "m_package_id", "m_service_id", "child_id", "is_active", "created_date", "created_user", "updated_date", "updated_user") VALUES (21, 8, 16, 0, 't', now(), -1, now(), -1);
INSERT INTO "m_packages_services"("m_package_service_id", "m_package_id", "m_service_id", "child_id", "is_active", "created_date", "created_user", "updated_date", "updated_user") VALUES (22, 8, 17, 0, 't', now(), -1, now(), -1);
INSERT INTO "m_packages_services"("m_package_service_id", "m_package_id", "m_service_id", "child_id", "is_active", "created_date", "created_user", "updated_date", "updated_user") VALUES (23, 8, 18, 0, 't', now(), -1, now(), -1);
INSERT INTO "m_packages_services"("m_package_service_id", "m_package_id", "m_service_id", "child_id", "is_active", "created_date", "created_user", "updated_date", "updated_user") VALUES (24, 8, 19, 0, 't', now(), -1, now(), -1);
INSERT INTO "m_packages_services"("m_package_service_id", "m_package_id", "m_service_id", "child_id", "is_active", "created_date", "created_user", "updated_date", "updated_user") VALUES (25, 8, 20, 0, 't', now(), -1, now(), -1);
INSERT INTO "m_packages_services"("m_package_service_id", "m_package_id", "m_service_id", "child_id", "is_active", "created_date", "created_user", "updated_date", "updated_user") VALUES (26, 8, 21, 0, 't', now(), -1, now(), -1);
INSERT INTO "m_packages_services"("m_package_service_id", "m_package_id", "m_service_id", "child_id", "is_active", "created_date", "created_user", "updated_date", "updated_user") VALUES (27, 8, 22, 0, 't', now(), -1, now(), -1);
INSERT INTO "m_packages_services"("m_package_service_id", "m_package_id", "m_service_id", "child_id", "is_active", "created_date", "created_user", "updated_date", "updated_user") VALUES (28, 8, 99, 0, 't', now(), -1, now(), -1);
INSERT INTO "m_packages_services"("m_package_service_id", "m_package_id", "m_service_id", "child_id", "is_active", "created_date", "created_user", "updated_date", "updated_user") VALUES (29, 8, 24, 0, 't', now(), -1, now(), -1);
INSERT INTO "m_packages_services"("m_package_service_id", "m_package_id", "m_service_id", "child_id", "is_active", "created_date", "created_user", "updated_date", "updated_user") VALUES (30, 8, 25, 0, 't', now(), -1, now(), -1);
INSERT INTO "m_packages_services"("m_package_service_id", "m_package_id", "m_service_id", "child_id", "is_active", "created_date", "created_user", "updated_date", "updated_user") VALUES (31, 8, 26, 0, 't', now(), -1, now(), -1);
INSERT INTO "m_packages_services"("m_package_service_id", "m_package_id", "m_service_id", "child_id", "is_active", "created_date", "created_user", "updated_date", "updated_user") VALUES (32, 8, 27, 0, 't', now(), -1, now(), -1);
INSERT INTO "m_packages_services"("m_package_service_id", "m_package_id", "m_service_id", "child_id", "is_active", "created_date", "created_user", "updated_date", "updated_user") VALUES (33, 8, 28, 0, 't', now(), -1, now(), -1);
INSERT INTO "m_packages_services"("m_package_service_id", "m_package_id", "m_service_id", "child_id", "is_active", "created_date", "created_user", "updated_date", "updated_user") VALUES (34, 8, 30, 0, 't', now(), -1, now(), -1);
INSERT INTO "m_packages_services"("m_package_service_id", "m_package_id", "m_service_id", "child_id", "is_active", "created_date", "created_user", "updated_date", "updated_user") VALUES (35, 8, 32, 0, 't', now(), -1, now(), -1);
INSERT INTO "m_packages_services"("m_package_service_id", "m_package_id", "m_service_id", "child_id", "is_active", "created_date", "created_user", "updated_date", "updated_user") VALUES (36, 8, 39, 0, 't', now(), -1, now(), -1);

DELETE FROM "m_services";
INSERT INTO "m_services"("m_service_id", "service_name", "micro_service_name", "is_active", "created_date", "created_user", "updated_date", "updated_user") VALUES (2, 'カレンダー', 'schedules', 't', now(), -1, now(), -1);
INSERT INTO "m_services"("m_service_id", "service_name", "micro_service_name", "is_active", "created_date", "created_user", "updated_date", "updated_user") VALUES (3, 'タイムライン', 'timelines', 't', now(), -1, now(), -1);
INSERT INTO "m_services"("m_service_id", "service_name", "micro_service_name", "is_active", "created_date", "created_user", "updated_date", "updated_user") VALUES (4, '名刺', 'businesscards', 't', now(), -1, now(), -1);
INSERT INTO "m_services"("m_service_id", "service_name", "micro_service_name", "is_active", "created_date", "created_user", "updated_date", "updated_user") VALUES (5, '顧客', 'customers', 't', now(), -1, now(), -1);
INSERT INTO "m_services"("m_service_id", "service_name", "micro_service_name", "is_active", "created_date", "created_user", "updated_date", "updated_user") VALUES (6, '活動', 'activities', 't', now(), -1, now(), -1);
INSERT INTO "m_services"("m_service_id", "service_name", "micro_service_name", "is_active", "created_date", "created_user", "updated_date", "updated_user") VALUES (8, '社員', 'employees', 't', now(), -1, now(), -1);
INSERT INTO "m_services"("m_service_id", "service_name", "micro_service_name", "is_active", "created_date", "created_user", "updated_date", "updated_user") VALUES (9, '分析', 'analysis', 't', now(), -1, now(), -1);
INSERT INTO "m_services"("m_service_id", "service_name", "micro_service_name", "is_active", "created_date", "created_user", "updated_date", "updated_user") VALUES (14, '商品', 'products', 't', now(), -1, now(), -1);
INSERT INTO "m_services"("m_service_id", "service_name", "micro_service_name", "is_active", "created_date", "created_user", "updated_date", "updated_user") VALUES (15, 'TODO', 'schedules', 't', now(), -1, now(), -1);
INSERT INTO "m_services"("m_service_id", "service_name", "micro_service_name", "is_active", "created_date", "created_user", "updated_date", "updated_user") VALUES (16, '取引商品管理', 'sales', 't', now(), -1, now(), -1);
INSERT INTO "m_services"("m_service_id", "service_name", "micro_service_name", "is_active", "created_date", "created_user", "updated_date", "updated_user") VALUES (17, 'フィードバック', 'feedback', 't', now(), -1, now(), -1);
INSERT INTO "m_services"("m_service_id", "service_name", "micro_service_name", "is_active", "created_date", "created_user", "updated_date", "updated_user") VALUES (18, '初心者ポータル', 'tutorials', 't', now(), -1, now(), -1);
INSERT INTO "m_services"("m_service_id", "service_name", "micro_service_name", "is_active", "created_date", "created_user", "updated_date", "updated_user") VALUES (19, 'チュートリアル', 'tutorials', 't', now(), -1, now(), -1);
INSERT INTO "m_services"("m_service_id", "service_name", "micro_service_name", "is_active", "created_date", "created_user", "updated_date", "updated_user") VALUES (20, '名刺読み込みアプリ', 'businesscards', 't', now(), -1, now(), -1);
INSERT INTO "m_services"("m_service_id", "service_name", "micro_service_name", "is_active", "created_date", "created_user", "updated_date", "updated_user") VALUES (21, '設定', 'commons', 't', now(), -1, now(), -1);
INSERT INTO "m_services"("m_service_id", "service_name", "micro_service_name", "is_active", "created_date", "created_user", "updated_date", "updated_user") VALUES (22, 'WF項目設定2', 'commons', 't', now(), -1, now(), -1);
INSERT INTO "m_services"("m_service_id", "service_name", "micro_service_name", "is_active", "created_date", "created_user", "updated_date", "updated_user") VALUES (99, '共通パーツ', 'commons', 't', now(), -1, now(), -1);
INSERT INTO "m_services"("m_service_id", "service_name", "micro_service_name", "is_active", "created_date", "created_user", "updated_date", "updated_user") VALUES (24, 'テナント', 'tenants', 't', now(), -1, now(), -1);
INSERT INTO "m_services"("m_service_id", "service_name", "micro_service_name", "is_active", "created_date", "created_user", "updated_date", "updated_user") VALUES (25, '外部連携（公開API）', 'externals', 't', now(), -1, now(), -1);
INSERT INTO "m_services"("m_service_id", "service_name", "micro_service_name", "is_active", "created_date", "created_user", "updated_date", "updated_user") VALUES (26, 'IP制御・認証（SAMLの認証）', 'externals', 't', now(), -1, now(), -1);
INSERT INTO "m_services"("m_service_id", "service_name", "micro_service_name", "is_active", "created_date", "created_user", "updated_date", "updated_user") VALUES (27, '外部連携（Gooogleカレンダー連携）', 'externals', 't', now(), -1, now(), -1);
INSERT INTO "m_services"("m_service_id", "service_name", "micro_service_name", "is_active", "created_date", "created_user", "updated_date", "updated_user") VALUES (28, 'OCR機能', 'businesscards', 't', now(), -1, now(), -1);
INSERT INTO "m_services"("m_service_id", "service_name", "micro_service_name", "is_active", "created_date", "created_user", "updated_date", "updated_user") VALUES (30, 'SB側管理機能', 'sb', 't', now(), -1, now(), -1);
INSERT INTO "m_services"("m_service_id", "service_name", "micro_service_name", "is_active", "created_date", "created_user", "updated_date", "updated_user") VALUES (32, '売上', 'sales', 't', now(), -1, now(), -1);
INSERT INTO "m_services"("m_service_id", "service_name", "micro_service_name", "is_active", "created_date", "created_user", "updated_date", "updated_user") VALUES (39, 'マップ', '', 't', now(), -1, now(), -1);
