/*
 Version:1.0
*/


-- ----------------------------
-- Sequence structure for address_sequence_generator
-- ----------------------------
DROP SEQUENCE IF EXISTS "address_sequence_generator";
CREATE SEQUENCE "address_sequence_generator" 
INCREMENT 1
MINVALUE  1
MAXVALUE 9223372036854775807
START 1
CACHE 1;

-- ----------------------------
-- Sequence structure for calculation_sequence_generator
-- ----------------------------
DROP SEQUENCE IF EXISTS "calculation_sequence_generator";
CREATE SEQUENCE "calculation_sequence_generator" 
INCREMENT 1
MINVALUE  1
MAXVALUE 9223372036854775807
START 1
CACHE 1;

-- ----------------------------
-- Sequence structure for checkbox_sequence_generator
-- ----------------------------
DROP SEQUENCE IF EXISTS "checkbox_sequence_generator";
CREATE SEQUENCE "checkbox_sequence_generator" 
INCREMENT 1
MINVALUE  1
MAXVALUE 9223372036854775807
START 1
CACHE 1;

-- ----------------------------
-- Sequence structure for data_change_sequence_generator
-- ----------------------------
DROP SEQUENCE IF EXISTS "data_change_sequence_generator";
CREATE SEQUENCE "data_change_sequence_generator" 
INCREMENT 1
MINVALUE  1
MAXVALUE 9223372036854775807
START 1
CACHE 1;

-- ----------------------------
-- Sequence structure for date_sequence_generator
-- ----------------------------
DROP SEQUENCE IF EXISTS "date_sequence_generator";
CREATE SEQUENCE "date_sequence_generator" 
INCREMENT 1
MINVALUE  1
MAXVALUE 9223372036854775807
START 1
CACHE 1;

-- ----------------------------
-- Sequence structure for date_time_sequence_generator
-- ----------------------------
DROP SEQUENCE IF EXISTS "date_time_sequence_generator";
CREATE SEQUENCE "date_time_sequence_generator" 
INCREMENT 1
MINVALUE  1
MAXVALUE 9223372036854775807
START 1
CACHE 1;

-- ----------------------------
-- Sequence structure for email_sequence_generator
-- ----------------------------
DROP SEQUENCE IF EXISTS "email_sequence_generator";
CREATE SEQUENCE "email_sequence_generator" 
INCREMENT 1
MINVALUE  1
MAXVALUE 9223372036854775807
START 1
CACHE 1;

-- ----------------------------
-- Sequence structure for field_info_item_sequence_generator
-- ----------------------------
DROP SEQUENCE IF EXISTS "field_info_item_sequence_generator";
CREATE SEQUENCE "field_info_item_sequence_generator" 
INCREMENT 1
MINVALUE  1
MAXVALUE 9223372036854775807
START 1
CACHE 1;

-- ----------------------------
-- Sequence structure for field_info_personal_sequence_generator
-- ----------------------------
DROP SEQUENCE IF EXISTS "field_info_personal_sequence_generator";
CREATE SEQUENCE "field_info_personal_sequence_generator" 
INCREMENT 1
MINVALUE  1
MAXVALUE 9223372036854775807
START 1
CACHE 1;

-- ----------------------------
-- Sequence structure for field_info_sequence_generator
-- ----------------------------
DROP SEQUENCE IF EXISTS "field_info_sequence_generator";
CREATE SEQUENCE "field_info_sequence_generator" 
INCREMENT 1
MINVALUE  1
MAXVALUE 9223372036854775807
START 1
CACHE 1;

-- ----------------------------
-- Sequence structure for field_info_tab_personal_sequence_generator
-- ----------------------------
DROP SEQUENCE IF EXISTS "field_info_tab_personal_sequence_generator";
CREATE SEQUENCE "field_info_tab_personal_sequence_generator" 
INCREMENT 1
MINVALUE  1
MAXVALUE 9223372036854775807
START 3
CACHE 1;

-- ----------------------------
-- Sequence structure for field_info_tab_sequence_generator
-- ----------------------------
DROP SEQUENCE IF EXISTS "field_info_tab_sequence_generator";
CREATE SEQUENCE "field_info_tab_sequence_generator" 
INCREMENT 1
MINVALUE  1
MAXVALUE 9223372036854775807
START 1
CACHE 1;

-- ----------------------------
-- Sequence structure for file_sequence_generator
-- ----------------------------
DROP SEQUENCE IF EXISTS "file_sequence_generator";
CREATE SEQUENCE "file_sequence_generator" 
INCREMENT 1
MINVALUE  1
MAXVALUE 9223372036854775807
START 1
CACHE 1;

-- ----------------------------
-- Sequence structure for heading_sequence_generator
-- ----------------------------
DROP SEQUENCE IF EXISTS "heading_sequence_generator";
CREATE SEQUENCE "heading_sequence_generator" 
INCREMENT 1
MINVALUE  1
MAXVALUE 9223372036854775807
START 1
CACHE 1;

-- ----------------------------
-- Sequence structure for languages_sequence_generator
-- ----------------------------
DROP SEQUENCE IF EXISTS "languages_sequence_generator";
CREATE SEQUENCE "languages_sequence_generator" 
INCREMENT 1
MINVALUE  1
MAXVALUE 9223372036854775807
START 1
CACHE 1;

-- ----------------------------
-- Sequence structure for link_sequence_generator
-- ----------------------------
DROP SEQUENCE IF EXISTS "link_sequence_generator";
CREATE SEQUENCE "link_sequence_generator" 
INCREMENT 1
MINVALUE  1
MAXVALUE 9223372036854775807
START 1
CACHE 1;

-- ----------------------------
-- Sequence structure for list_view_settings_filters_sequence_generator
-- ----------------------------
DROP SEQUENCE IF EXISTS "list_view_settings_filters_sequence_generator";
CREATE SEQUENCE "list_view_settings_filters_sequence_generator" 
INCREMENT 1
MINVALUE  1
MAXVALUE 9223372036854775807
START 1
CACHE 1;

-- ----------------------------
-- Sequence structure for list_view_settings_sequence_generator
-- ----------------------------
DROP SEQUENCE IF EXISTS "list_view_settings_sequence_generator";
CREATE SEQUENCE "list_view_settings_sequence_generator" 
INCREMENT 1
MINVALUE  1
MAXVALUE 9223372036854775807
START 1
CACHE 1;

-- ----------------------------
-- Sequence structure for lookup_sequence_generator
-- ----------------------------
DROP SEQUENCE IF EXISTS "lookup_sequence_generator";
CREATE SEQUENCE "lookup_sequence_generator" 
INCREMENT 1
MINVALUE  1
MAXVALUE 9223372036854775807
START 1
CACHE 1;

-- ----------------------------
-- Sequence structure for multiple_pulldown_sequence_generator
-- ----------------------------
DROP SEQUENCE IF EXISTS "multiple_pulldown_sequence_generator";
CREATE SEQUENCE "multiple_pulldown_sequence_generator" 
INCREMENT 1
MINVALUE  1
MAXVALUE 9223372036854775807
START 1
CACHE 1;

-- ----------------------------
-- Sequence structure for numeric_sequence_generator
-- ----------------------------
DROP SEQUENCE IF EXISTS "numeric_sequence_generator";
CREATE SEQUENCE "numeric_sequence_generator" 
INCREMENT 1
MINVALUE  1
MAXVALUE 9223372036854775807
START 1
CACHE 1;

-- ----------------------------
-- Sequence structure for phone_number_sequence_generator
-- ----------------------------
DROP SEQUENCE IF EXISTS "phone_number_sequence_generator";
CREATE SEQUENCE "phone_number_sequence_generator" 
INCREMENT 1
MINVALUE  1
MAXVALUE 9223372036854775807
START 1
CACHE 1;

-- ----------------------------
-- Sequence structure for pulldown_sequence_generator
-- ----------------------------
DROP SEQUENCE IF EXISTS "pulldown_sequence_generator";
CREATE SEQUENCE "pulldown_sequence_generator" 
INCREMENT 1
MINVALUE  1
MAXVALUE 9223372036854775807
START 1
CACHE 1;

-- ----------------------------
-- Sequence structure for radio_sequence_generator
-- ----------------------------
DROP SEQUENCE IF EXISTS "radio_sequence_generator";
CREATE SEQUENCE "radio_sequence_generator" 
INCREMENT 1
MINVALUE  1
MAXVALUE 9223372036854775807
START 1
CACHE 1;

-- ----------------------------
-- Sequence structure for relation_sequence_generator
-- ----------------------------
DROP SEQUENCE IF EXISTS "relation_sequence_generator";
CREATE SEQUENCE "relation_sequence_generator" 
INCREMENT 1
MINVALUE  1
MAXVALUE 9223372036854775807
START 1
CACHE 1;

-- ----------------------------
-- Sequence structure for select_organization_sequence_generator
-- ----------------------------
DROP SEQUENCE IF EXISTS "select_organization_sequence_generator";
CREATE SEQUENCE "select_organization_sequence_generator" 
INCREMENT 1
MINVALUE  1
MAXVALUE 9223372036854775807
START 1
CACHE 1;

-- ----------------------------
-- Sequence structure for suggestions_choice_sequence_generator
-- ----------------------------
DROP SEQUENCE IF EXISTS "suggestions_choice_sequence_generator";
CREATE SEQUENCE "suggestions_choice_sequence_generator" 
INCREMENT 1
MINVALUE  1
MAXVALUE 9223372036854775807
START 1
CACHE 1;

-- ----------------------------
-- Sequence structure for tab_info_sequence_generator
-- ----------------------------
DROP SEQUENCE IF EXISTS "tab_info_sequence_generator";
CREATE SEQUENCE "tab_info_sequence_generator" 
INCREMENT 1
MINVALUE  1
MAXVALUE 9223372036854775807
START 1
CACHE 1;

-- ----------------------------
-- Sequence structure for tab_sequence_generator
-- ----------------------------
DROP SEQUENCE IF EXISTS "tab_sequence_generator";
CREATE SEQUENCE "tab_sequence_generator" 
INCREMENT 1
MINVALUE  1
MAXVALUE 9223372036854775807
START 1
CACHE 1;

-- ----------------------------
-- Sequence structure for text_sequence_generator
-- ----------------------------
DROP SEQUENCE IF EXISTS "text_sequence_generator";
CREATE SEQUENCE "text_sequence_generator" 
INCREMENT 1
MINVALUE  1
MAXVALUE 9223372036854775807
START 1
CACHE 1;

-- ----------------------------
-- Sequence structure for textarea_sequence_generator
-- ----------------------------
DROP SEQUENCE IF EXISTS "textarea_sequence_generator";
CREATE SEQUENCE "textarea_sequence_generator" 
INCREMENT 1
MINVALUE  1
MAXVALUE 9223372036854775807
START 1
CACHE 1;

-- ----------------------------
-- Sequence structure for time_sequence_generator
-- ----------------------------
DROP SEQUENCE IF EXISTS "time_sequence_generator";
CREATE SEQUENCE "time_sequence_generator" 
INCREMENT 1
MINVALUE  1
MAXVALUE 9223372036854775807
START 1
CACHE 1;

-- ----------------------------
-- Sequence structure for timezone_sequence_generator
-- ----------------------------
DROP SEQUENCE IF EXISTS "timezone_sequence_generator";
CREATE SEQUENCE "timezone_sequence_generator" 
INCREMENT 50
MINVALUE  1
MAXVALUE 9223372036854775807
START 1
CACHE 1;

-- ----------------------------
-- Table structure for addresses
-- ----------------------------
DROP TABLE IF EXISTS "addresses";
CREATE TABLE "addresses" (
  "zip_code" varchar(8) COLLATE "pg_catalog"."default" NOT NULL,
  "address_name" varchar(255) COLLATE "pg_catalog"."default" NOT NULL,
  "created_date" timestamp(6) NOT NULL,
  "created_user" int8 NOT NULL,
  "updated_date" timestamp(6) NOT NULL,
  "updated_user" int8 NOT NULL
)
;

-- ----------------------------
-- Records of addresses
-- ----------------------------
INSERT INTO "addresses" VALUES ('060-0000', '北海道札幌市中央区以下に掲載がない場合', '2020-05-27 16:59:12', 1, '2020-05-27 16:59:12', 1);
INSERT INTO "addresses" VALUES ('064-0941', '北海道札幌市中央区旭ケ丘', '2020-05-27 16:59:12', 1, '2020-05-27 16:59:12', 1);
INSERT INTO "addresses" VALUES ('060-0041', '北海道札幌市中央区大通東', '2020-05-27 16:59:12', 1, '2020-05-27 16:59:12', 1);
INSERT INTO "addresses" VALUES ('060-0042', '北海道札幌市中央区大通西（１～１９丁目）', '2020-05-27 16:59:12', 1, '2020-05-27 16:59:12', 1);
INSERT INTO "addresses" VALUES ('064-0820', '北海道札幌市中央区大通西（２０～２８丁目）', '2020-05-27 16:59:12', 1, '2020-05-27 16:59:12', 1);
INSERT INTO "addresses" VALUES ('060-0031', '北海道札幌市中央区北一条東', '2020-05-27 16:59:12', 1, '2020-05-27 16:59:12', 1);
INSERT INTO "addresses" VALUES ('060-0001', '北海道札幌市中央区北一条西（１～１９丁目）', '2020-05-27 16:59:12', 1, '2020-05-27 16:59:12', 1);
INSERT INTO "addresses" VALUES ('064-0821', '北海道札幌市中央区北一条西（２０～２８丁目）', '2020-05-27 16:59:12', 1, '2020-05-27 16:59:12', 1);
INSERT INTO "addresses" VALUES ('060-0032', '北海道札幌市中央区北二条東', '2020-05-27 16:59:12', 1, '2020-05-27 16:59:12', 1);
INSERT INTO "addresses" VALUES ('060-0002', '北海道札幌市中央区北二条西（１～１９丁目）', '2020-05-27 16:59:12', 1, '2020-05-27 16:59:12', 1);
INSERT INTO "addresses" VALUES ('064-0822', '北海道札幌市中央区北二条西（２０～２８丁目）', '2020-05-27 16:59:12', 1, '2020-05-27 16:59:12', 1);
INSERT INTO "addresses" VALUES ('060-0033', '北海道札幌市中央区北三条東', '2020-05-27 16:59:12', 1, '2020-05-27 16:59:12', 1);
INSERT INTO "addresses" VALUES ('060-0003', '北海道札幌市中央区北三条西（１～１９丁目）', '2020-05-27 16:59:12', 1, '2020-05-27 16:59:12', 1);
INSERT INTO "addresses" VALUES ('064-0823', '北海道札幌市中央区北三条西（２０～３０丁目）', '2020-05-27 16:59:12', 1, '2020-05-27 16:59:12', 1);
INSERT INTO "addresses" VALUES ('060-0034', '北海道札幌市中央区北四条東（１～８丁目）', '2020-05-27 16:59:12', 1, '2020-05-27 16:59:12', 1);
INSERT INTO "addresses" VALUES ('060-0004', '北海道札幌市中央区北四条西（１～１９丁目）', '2020-05-27 16:59:12', 1, '2020-05-27 16:59:12', 1);
INSERT INTO "addresses" VALUES ('064-0824', '北海道札幌市中央区北四条西（２０～３０丁目）', '2020-05-27 16:59:12', 1, '2020-05-27 16:59:12', 1);
INSERT INTO "addresses" VALUES ('060-0035', '北海道札幌市中央区北五条東', '2020-05-27 16:59:12', 1, '2020-05-27 16:59:12', 1);
INSERT INTO "addresses" VALUES ('060-0005', '北海道札幌市中央区北五条西（１～２４丁目）', '2020-05-27 16:59:12', 1, '2020-05-27 16:59:12', 1);
INSERT INTO "addresses" VALUES ('064-0825', '北海道札幌市中央区北五条西（２５～２９丁目）', '2020-05-27 16:59:12', 1, '2020-05-27 16:59:12', 1);
INSERT INTO "addresses" VALUES ('060-0006', '北海道札幌市中央区北六条西（１０～２５丁目）', '2020-05-27 16:59:12', 1, '2020-05-27 16:59:12', 1);
INSERT INTO "addresses" VALUES ('064-0826', '北海道札幌市中央区北六条西（２６～２８丁目）', '2020-05-27 16:59:12', 1, '2020-05-27 16:59:12', 1);
INSERT INTO "addresses" VALUES ('060-0007', '北海道札幌市中央区北七条西', '2020-05-27 16:59:12', 1, '2020-05-27 16:59:12', 1);
INSERT INTO "addresses" VALUES ('060-0008', '北海道札幌市中央区北八条西', '2020-05-27 16:59:12', 1, '2020-05-27 16:59:12', 1);
INSERT INTO "addresses" VALUES ('060-0009', '北海道札幌市中央区北九条西', '2020-05-27 16:59:12', 1, '2020-05-27 16:59:12', 1);
INSERT INTO "addresses" VALUES ('060-0010', '北海道札幌市中央区北十条西', '2020-05-27 16:59:12', 1, '2020-05-27 16:59:12', 1);
INSERT INTO "addresses" VALUES ('060-0011', '北海道札幌市中央区北十一条西', '2020-05-27 16:59:12', 1, '2020-05-27 16:59:12', 1);
INSERT INTO "addresses" VALUES ('060-0012', '北海道札幌市中央区北十二条西', '2020-05-27 16:59:12', 1, '2020-05-27 16:59:12', 1);
INSERT INTO "addresses" VALUES ('060-0013', '北海道札幌市中央区北十三条西', '2020-05-27 16:59:12', 1, '2020-05-27 16:59:12', 1);
INSERT INTO "addresses" VALUES ('060-0014', '北海道札幌市中央区北十四条西', '2020-05-27 16:59:12', 1, '2020-05-27 16:59:12', 1);
INSERT INTO "addresses" VALUES ('060-0015', '北海道札幌市中央区北十五条西', '2020-05-27 16:59:12', 1, '2020-05-27 16:59:12', 1);
INSERT INTO "addresses" VALUES ('060-0016', '北海道札幌市中央区北十六条西', '2020-05-27 16:59:12', 1, '2020-05-27 16:59:12', 1);
INSERT INTO "addresses" VALUES ('060-0017', '北海道札幌市中央区北十七条西', '2020-05-27 16:59:12', 1, '2020-05-27 16:59:12', 1);
INSERT INTO "addresses" VALUES ('060-0018', '北海道札幌市中央区北十八条西', '2020-05-27 16:59:12', 1, '2020-05-27 16:59:12', 1);
INSERT INTO "addresses" VALUES ('060-0020', '北海道札幌市中央区北二十条西', '2020-05-27 16:59:12', 1, '2020-05-27 16:59:12', 1);
INSERT INTO "addresses" VALUES ('060-0021', '北海道札幌市中央区北二十一条西', '2020-05-27 16:59:12', 1, '2020-05-27 16:59:12', 1);
INSERT INTO "addresses" VALUES ('060-0022', '北海道札幌市中央区北二十二条西', '2020-05-27 16:59:12', 1, '2020-05-27 16:59:12', 1);
INSERT INTO "addresses" VALUES ('064-0943', '北海道札幌市中央区界川', '2020-05-27 16:59:12', 1, '2020-05-27 16:59:12', 1);
INSERT INTO "addresses" VALUES ('064-0931', '北海道札幌市中央区中島公園', '2020-05-27 16:59:12', 1, '2020-05-27 16:59:12', 1);
INSERT INTO "addresses" VALUES ('064-0945', '北海道札幌市中央区盤渓', '2020-05-27 16:59:12', 1, '2020-05-27 16:59:12', 1);
INSERT INTO "addresses" VALUES ('064-0942', '北海道札幌市中央区伏見', '2020-05-27 16:59:12', 1, '2020-05-27 16:59:12', 1);
INSERT INTO "addresses" VALUES ('064-0946', '北海道札幌市中央区双子山', '2020-05-27 16:59:12', 1, '2020-05-27 16:59:12', 1);
INSERT INTO "addresses" VALUES ('064-0944', '北海道札幌市中央区円山西町', '2020-05-27 16:59:12', 1, '2020-05-27 16:59:12', 1);
INSERT INTO "addresses" VALUES ('060-0051', '北海道札幌市中央区南一条東', '2020-05-27 16:59:12', 1, '2020-05-27 16:59:12', 1);
INSERT INTO "addresses" VALUES ('060-0061', '北海道札幌市中央区南一条西（１～１９丁目）', '2020-05-27 16:59:12', 1, '2020-05-27 16:59:12', 1);
INSERT INTO "addresses" VALUES ('064-0801', '北海道札幌市中央区南一条西（２０～２８丁目）', '2020-05-27 16:59:12', 1, '2020-05-27 16:59:12', 1);
INSERT INTO "addresses" VALUES ('060-0052', '北海道札幌市中央区南二条東', '2020-05-27 16:59:12', 1, '2020-05-27 16:59:12', 1);
INSERT INTO "addresses" VALUES ('060-0062', '北海道札幌市中央区南二条西（１～１９丁目）', '2020-05-27 16:59:12', 1, '2020-05-27 16:59:12', 1);
INSERT INTO "addresses" VALUES ('064-0802', '北海道札幌市中央区南二条西（２０～２８丁目）', '2020-05-27 16:59:12', 1, '2020-05-27 16:59:12', 1);
INSERT INTO "addresses" VALUES ('060-0053', '北海道札幌市中央区南三条東', '2020-05-27 16:59:12', 1, '2020-05-27 16:59:12', 1);
INSERT INTO "addresses" VALUES ('060-0063', '北海道札幌市中央区南三条西（１～１８丁目）', '2020-05-27 16:59:12', 1, '2020-05-27 16:59:12', 1);
INSERT INTO "addresses" VALUES ('064-0803', '北海道札幌市中央区南三条西（２０～２８丁目）', '2020-05-27 16:59:12', 1, '2020-05-27 16:59:12', 1);
INSERT INTO "addresses" VALUES ('060-0054', '北海道札幌市中央区南四条東', '2020-05-27 16:59:12', 1, '2020-05-27 16:59:12', 1);
INSERT INTO "addresses" VALUES ('064-0804', '北海道札幌市中央区南四条西', '2020-05-27 16:59:12', 1, '2020-05-27 16:59:12', 1);
INSERT INTO "addresses" VALUES ('060-0055', '北海道札幌市中央区南五条東', '2020-05-27 16:59:12', 1, '2020-05-27 16:59:12', 1);
INSERT INTO "addresses" VALUES ('064-0805', '北海道札幌市中央区南五条西', '2020-05-27 16:59:12', 1, '2020-05-27 16:59:12', 1);
INSERT INTO "addresses" VALUES ('060-0056', '北海道札幌市中央区南六条東', '2020-05-27 16:59:12', 1, '2020-05-27 16:59:12', 1);
INSERT INTO "addresses" VALUES ('064-0806', '北海道札幌市中央区南六条西', '2020-05-27 16:59:12', 1, '2020-05-27 16:59:12', 1);
INSERT INTO "addresses" VALUES ('060-0057', '北海道札幌市中央区南七条東', '2020-05-27 16:59:12', 1, '2020-05-27 16:59:12', 1);
INSERT INTO "addresses" VALUES ('064-0807', '北海道札幌市中央区南七条西', '2020-05-27 16:59:12', 1, '2020-05-27 16:59:12', 1);
INSERT INTO "addresses" VALUES ('064-0808', '北海道札幌市中央区南八条西', '2020-05-27 16:59:12', 1, '2020-05-27 16:59:12', 1);
INSERT INTO "addresses" VALUES ('064-0809', '北海道札幌市中央区南九条西', '2020-05-27 16:59:12', 1, '2020-05-27 16:59:12', 1);
INSERT INTO "addresses" VALUES ('064-0810', '北海道札幌市中央区南十条西', '2020-05-27 16:59:12', 1, '2020-05-27 16:59:12', 1);
INSERT INTO "addresses" VALUES ('064-0811', '北海道札幌市中央区南十一条西', '2020-05-27 16:59:12', 1, '2020-05-27 16:59:12', 1);
INSERT INTO "addresses" VALUES ('064-0912', '北海道札幌市中央区南十二条西', '2020-05-27 16:59:12', 1, '2020-05-27 16:59:12', 1);
INSERT INTO "addresses" VALUES ('064-0913', '北海道札幌市中央区南十三条西', '2020-05-27 16:59:12', 1, '2020-05-27 16:59:12', 1);
INSERT INTO "addresses" VALUES ('064-0914', '北海道札幌市中央区南十四条西', '2020-05-27 16:59:12', 1, '2020-05-27 16:59:12', 1);
INSERT INTO "addresses" VALUES ('064-0915', '北海道札幌市中央区南十五条西', '2020-05-27 16:59:12', 1, '2020-05-27 16:59:12', 1);
INSERT INTO "addresses" VALUES ('064-0916', '北海道札幌市中央区南十六条西', '2020-05-27 16:59:12', 1, '2020-05-27 16:59:12', 1);
INSERT INTO "addresses" VALUES ('064-0917', '北海道札幌市中央区南十七条西', '2020-05-27 16:59:12', 1, '2020-05-27 16:59:12', 1);
INSERT INTO "addresses" VALUES ('064-0918', '北海道札幌市中央区南十八条西', '2020-05-27 16:59:12', 1, '2020-05-27 16:59:12', 1);
INSERT INTO "addresses" VALUES ('064-0919', '北海道札幌市中央区南十九条西', '2020-05-27 16:59:12', 1, '2020-05-27 16:59:12', 1);
INSERT INTO "addresses" VALUES ('064-0920', '北海道札幌市中央区南二十条西', '2020-05-27 16:59:12', 1, '2020-05-27 16:59:12', 1);
INSERT INTO "addresses" VALUES ('064-0921', '北海道札幌市中央区南二十一条西', '2020-05-27 16:59:12', 1, '2020-05-27 16:59:12', 1);
INSERT INTO "addresses" VALUES ('064-0922', '北海道札幌市中央区南二十二条西', '2020-05-27 16:59:12', 1, '2020-05-27 16:59:12', 1);
INSERT INTO "addresses" VALUES ('064-0923', '北海道札幌市中央区南二十三条西', '2020-05-27 16:59:12', 1, '2020-05-27 16:59:12', 1);
INSERT INTO "addresses" VALUES ('064-0924', '北海道札幌市中央区南二十四条西', '2020-05-27 16:59:12', 1, '2020-05-27 16:59:12', 1);
INSERT INTO "addresses" VALUES ('064-0925', '北海道札幌市中央区南二十五条西', '2020-05-27 16:59:12', 1, '2020-05-27 16:59:12', 1);
INSERT INTO "addresses" VALUES ('064-0926', '北海道札幌市中央区南二十六条西', '2020-05-27 16:59:12', 1, '2020-05-27 16:59:12', 1);
INSERT INTO "addresses" VALUES ('064-0927', '北海道札幌市中央区南二十七条西', '2020-05-27 16:59:12', 1, '2020-05-27 16:59:12', 1);
INSERT INTO "addresses" VALUES ('064-0928', '北海道札幌市中央区南二十八条西', '2020-05-27 16:59:12', 1, '2020-05-27 16:59:12', 1);
INSERT INTO "addresses" VALUES ('064-0929', '北海道札幌市中央区南二十九条西', '2020-05-27 16:59:12', 1, '2020-05-27 16:59:12', 1);
INSERT INTO "addresses" VALUES ('064-0930', '北海道札幌市中央区南三十条西（９～１１丁目）', '2020-05-27 16:59:12', 1, '2020-05-27 16:59:12', 1);
INSERT INTO "addresses" VALUES ('064-0959', '北海道札幌市中央区宮ケ丘', '2020-05-27 16:59:12', 1, '2020-05-27 16:59:12', 1);
INSERT INTO "addresses" VALUES ('064-0958', '北海道札幌市中央区宮の森', '2020-05-27 16:59:12', 1, '2020-05-27 16:59:12', 1);
INSERT INTO "addresses" VALUES ('064-0951', '北海道札幌市中央区宮の森一条', '2020-05-27 16:59:12', 1, '2020-05-27 16:59:12', 1);
INSERT INTO "addresses" VALUES ('064-0952', '北海道札幌市中央区宮の森二条', '2020-05-27 16:59:12', 1, '2020-05-27 16:59:12', 1);
INSERT INTO "addresses" VALUES ('064-0953', '北海道札幌市中央区宮の森三条', '2020-05-27 16:59:12', 1, '2020-05-27 16:59:12', 1);
INSERT INTO "addresses" VALUES ('064-0954', '北海道札幌市中央区宮の森四条', '2020-05-27 16:59:12', 1, '2020-05-27 16:59:12', 1);
INSERT INTO "addresses" VALUES ('001-0000', '北海道札幌市北区以下に掲載がない場合', '2020-05-27 16:59:12', 1, '2020-05-27 16:59:12', 1);
INSERT INTO "addresses" VALUES ('002-8071', '北海道札幌市北区あいの里一条', '2020-05-27 16:59:12', 1, '2020-05-27 16:59:12', 1);
INSERT INTO "addresses" VALUES ('002-8072', '北海道札幌市北区あいの里二条', '2020-05-27 16:59:12', 1, '2020-05-27 16:59:12', 1);
INSERT INTO "addresses" VALUES ('002-8073', '北海道札幌市北区あいの里三条', '2020-05-27 16:59:12', 1, '2020-05-27 16:59:12', 1);
INSERT INTO "addresses" VALUES ('002-8074', '北海道札幌市北区あいの里四条', '2020-05-27 16:59:12', 1, '2020-05-27 16:59:12', 1);
INSERT INTO "addresses" VALUES ('002-8075', '北海道札幌市北区あいの里五条', '2020-05-27 16:59:12', 1, '2020-05-27 16:59:12', 1);
INSERT INTO "addresses" VALUES ('001-0045', '北海道札幌市北区麻生町', '2020-05-27 16:59:12', 1, '2020-05-27 16:59:12', 1);
INSERT INTO "addresses" VALUES ('060-0806', '北海道札幌市北区北六条西', '2020-05-27 16:59:12', 1, '2020-05-27 16:59:12', 1);
INSERT INTO "addresses" VALUES ('060-0807', '北海道札幌市北区北七条西', '2020-05-27 16:59:12', 1, '2020-05-27 16:59:12', 1);
INSERT INTO "addresses" VALUES ('060-0808', '北海道札幌市北区北八条西', '2020-05-27 16:59:12', 1, '2020-05-27 16:59:12', 1);
INSERT INTO "addresses" VALUES ('060-0809', '北海道札幌市北区北九条西', '2020-05-27 16:59:12', 1, '2020-05-27 16:59:12', 1);
INSERT INTO "addresses" VALUES ('001-0010', '北海道札幌市北区北十条西（１～４丁目）', '2020-05-27 16:59:12', 1, '2020-05-27 16:59:12', 1);
INSERT INTO "addresses" VALUES ('060-0810', '北海道札幌市北区北十条西（５～１１丁目）', '2020-05-27 16:59:12', 1, '2020-05-27 16:59:12', 1);
INSERT INTO "addresses" VALUES ('001-0011', '北海道札幌市北区北十一条西（１～４丁目）', '2020-05-27 16:59:12', 1, '2020-05-27 16:59:12', 1);
INSERT INTO "addresses" VALUES ('060-0811', '北海道札幌市北区北十一条西（５～１１丁目）', '2020-05-27 16:59:12', 1, '2020-05-27 16:59:12', 1);
INSERT INTO "addresses" VALUES ('001-0012', '北海道札幌市北区北十二条西（１～４丁目）', '2020-05-27 16:59:12', 1, '2020-05-27 16:59:12', 1);
INSERT INTO "addresses" VALUES ('060-0812', '北海道札幌市北区北十二条西（５～１２丁目）', '2020-05-27 16:59:12', 1, '2020-05-27 16:59:12', 1);
INSERT INTO "addresses" VALUES ('001-0013', '北海道札幌市北区北十三条西（１～４丁目）', '2020-05-27 16:59:12', 1, '2020-05-27 16:59:12', 1);
INSERT INTO "addresses" VALUES ('060-0813', '北海道札幌市北区北十三条西（５～１２丁目）', '2020-05-27 16:59:12', 1, '2020-05-27 16:59:12', 1);
INSERT INTO "addresses" VALUES ('001-0014', '北海道札幌市北区北十四条西（１～４丁目）', '2020-05-27 16:59:12', 1, '2020-05-27 16:59:12', 1);
INSERT INTO "addresses" VALUES ('060-0814', '北海道札幌市北区北十四条西（５～１３丁目）', '2020-05-27 16:59:12', 1, '2020-05-27 16:59:12', 1);
INSERT INTO "addresses" VALUES ('001-0015', '北海道札幌市北区北十五条西（１～５丁目）', '2020-05-27 16:59:12', 1, '2020-05-27 16:59:12', 1);
INSERT INTO "addresses" VALUES ('060-0815', '北海道札幌市北区北十五条西（６～１３丁目）', '2020-05-27 16:59:12', 1, '2020-05-27 16:59:12', 1);
INSERT INTO "addresses" VALUES ('001-0016', '北海道札幌市北区北十六条西（１～６丁目）', '2020-05-27 16:59:12', 1, '2020-05-27 16:59:12', 1);
INSERT INTO "addresses" VALUES ('060-0816', '北海道札幌市北区北十六条西（７～１３丁目）', '2020-05-27 16:59:12', 1, '2020-05-27 16:59:12', 1);
INSERT INTO "addresses" VALUES ('001-0017', '北海道札幌市北区北十七条西（１～６丁目）', '2020-05-27 16:59:12', 1, '2020-05-27 16:59:12', 1);
INSERT INTO "addresses" VALUES ('060-0817', '北海道札幌市北区北十七条西（７～１３丁目）', '2020-05-27 16:59:12', 1, '2020-05-27 16:59:12', 1);
INSERT INTO "addresses" VALUES ('001-0018', '北海道札幌市北区北十八条西（１～７丁目）', '2020-05-27 16:59:12', 1, '2020-05-27 16:59:12', 1);
INSERT INTO "addresses" VALUES ('060-0818', '北海道札幌市北区北十八条西（８～１３丁目）', '2020-05-27 16:59:12', 1, '2020-05-27 16:59:12', 1);
INSERT INTO "addresses" VALUES ('001-0019', '北海道札幌市北区北十九条西（２～７丁目）', '2020-05-27 16:59:12', 1, '2020-05-27 16:59:12', 1);
INSERT INTO "addresses" VALUES ('060-0819', '北海道札幌市北区北十九条西（８～１３丁目）', '2020-05-27 16:59:12', 1, '2020-05-27 16:59:12', 1);
INSERT INTO "addresses" VALUES ('001-0020', '北海道札幌市北区北二十条西（２～１０丁目）', '2020-05-27 16:59:12', 1, '2020-05-27 16:59:12', 1);
INSERT INTO "addresses" VALUES ('060-0820', '北海道札幌市北区北二十条西（１１～１３丁目）', '2020-05-27 16:59:12', 1, '2020-05-27 16:59:12', 1);
INSERT INTO "addresses" VALUES ('001-0021', '北海道札幌市北区北二十一条西', '2020-05-27 16:59:12', 1, '2020-05-27 16:59:12', 1);
INSERT INTO "addresses" VALUES ('001-0022', '北海道札幌市北区北二十二条西', '2020-05-27 16:59:12', 1, '2020-05-27 16:59:12', 1);
INSERT INTO "addresses" VALUES ('001-0023', '北海道札幌市北区北二十三条西', '2020-05-27 16:59:12', 1, '2020-05-27 16:59:12', 1);
INSERT INTO "addresses" VALUES ('001-0024', '北海道札幌市北区北二十四条西', '2020-05-27 16:59:12', 1, '2020-05-27 16:59:12', 1);
INSERT INTO "addresses" VALUES ('001-0025', '北海道札幌市北区北二十五条西', '2020-05-27 16:59:12', 1, '2020-05-27 16:59:12', 1);
INSERT INTO "addresses" VALUES ('001-0026', '北海道札幌市北区北二十六条西', '2020-05-27 16:59:12', 1, '2020-05-27 16:59:12', 1);
INSERT INTO "addresses" VALUES ('001-0027', '北海道札幌市北区北二十七条西', '2020-05-27 16:59:12', 1, '2020-05-27 16:59:12', 1);
INSERT INTO "addresses" VALUES ('001-0028', '北海道札幌市北区北二十八条西', '2020-05-27 16:59:12', 1, '2020-05-27 16:59:12', 1);
INSERT INTO "addresses" VALUES ('001-0029', '北海道札幌市北区北二十九条西', '2020-05-27 16:59:12', 1, '2020-05-27 16:59:12', 1);
INSERT INTO "addresses" VALUES ('001-0030', '北海道札幌市北区北三十条西', '2020-05-27 16:59:12', 1, '2020-05-27 16:59:12', 1);
INSERT INTO "addresses" VALUES ('001-0031', '北海道札幌市北区北三十一条西', '2020-05-27 16:59:12', 1, '2020-05-27 16:59:12', 1);
INSERT INTO "addresses" VALUES ('001-0032', '北海道札幌市北区北三十二条西', '2020-05-27 16:59:12', 1, '2020-05-27 16:59:12', 1);
INSERT INTO "addresses" VALUES ('001-0033', '北海道札幌市北区北三十三条西', '2020-05-27 16:59:12', 1, '2020-05-27 16:59:12', 1);
INSERT INTO "addresses" VALUES ('001-0034', '北海道札幌市北区北三十四条西', '2020-05-27 16:59:12', 1, '2020-05-27 16:59:12', 1);
INSERT INTO "addresses" VALUES ('001-0035', '北海道札幌市北区北三十五条西', '2020-05-27 16:59:12', 1, '2020-05-27 16:59:12', 1);
INSERT INTO "addresses" VALUES ('001-0036', '北海道札幌市北区北三十六条西', '2020-05-27 16:59:12', 1, '2020-05-27 16:59:12', 1);
INSERT INTO "addresses" VALUES ('001-0037', '北海道札幌市北区北三十七条西', '2020-05-27 16:59:12', 1, '2020-05-27 16:59:12', 1);
INSERT INTO "addresses" VALUES ('001-0038', '北海道札幌市北区北三十八条西', '2020-05-27 16:59:12', 1, '2020-05-27 16:59:12', 1);
INSERT INTO "addresses" VALUES ('001-0039', '北海道札幌市北区北三十九条西', '2020-05-27 16:59:12', 1, '2020-05-27 16:59:12', 1);
INSERT INTO "addresses" VALUES ('001-0040', '北海道札幌市北区北四十条西', '2020-05-27 16:59:12', 1, '2020-05-27 16:59:12', 1);
INSERT INTO "addresses" VALUES ('002-8021', '北海道札幌市北区篠路一条', '2020-05-27 16:59:12', 1, '2020-05-27 16:59:12', 1);
INSERT INTO "addresses" VALUES ('002-8022', '北海道札幌市北区篠路二条', '2020-05-27 16:59:12', 1, '2020-05-27 16:59:12', 1);
INSERT INTO "addresses" VALUES ('002-8023', '北海道札幌市北区篠路三条', '2020-05-27 16:59:12', 1, '2020-05-27 16:59:12', 1);
INSERT INTO "addresses" VALUES ('002-8024', '北海道札幌市北区篠路四条', '2020-05-27 16:59:12', 1, '2020-05-27 16:59:12', 1);
INSERT INTO "addresses" VALUES ('002-8025', '北海道札幌市北区篠路五条', '2020-05-27 16:59:12', 1, '2020-05-27 16:59:12', 1);
INSERT INTO "addresses" VALUES ('002-8026', '北海道札幌市北区篠路六条', '2020-05-27 16:59:12', 1, '2020-05-27 16:59:12', 1);
INSERT INTO "addresses" VALUES ('002-8027', '北海道札幌市北区篠路七条', '2020-05-27 16:59:12', 1, '2020-05-27 16:59:12', 1);
INSERT INTO "addresses" VALUES ('002-8028', '北海道札幌市北区篠路八条', '2020-05-27 16:59:12', 1, '2020-05-27 16:59:12', 1);
INSERT INTO "addresses" VALUES ('002-8029', '北海道札幌市北区篠路九条', '2020-05-27 16:59:12', 1, '2020-05-27 16:59:12', 1);
INSERT INTO "addresses" VALUES ('002-8030', '北海道札幌市北区篠路十条', '2020-05-27 16:59:12', 1, '2020-05-27 16:59:12', 1);
INSERT INTO "addresses" VALUES ('002-8052', '北海道札幌市北区篠路町上篠路', '2020-05-27 16:59:12', 1, '2020-05-27 16:59:12', 1);
INSERT INTO "addresses" VALUES ('002-8053', '北海道札幌市北区篠路町篠路', '2020-05-27 16:59:12', 1, '2020-05-27 16:59:12', 1);
INSERT INTO "addresses" VALUES ('002-8051', '北海道札幌市北区篠路町太平', '2020-05-27 16:59:12', 1, '2020-05-27 16:59:12', 1);
INSERT INTO "addresses" VALUES ('002-8054', '北海道札幌市北区篠路町拓北', '2020-05-27 16:59:12', 1, '2020-05-27 16:59:12', 1);
INSERT INTO "addresses" VALUES ('002-8055', '北海道札幌市北区篠路町福移', '2020-05-27 16:59:12', 1, '2020-05-27 16:59:12', 1);
INSERT INTO "addresses" VALUES ('001-0930', '北海道札幌市北区新川', '2020-05-27 16:59:12', 1, '2020-05-27 16:59:12', 1);
INSERT INTO "addresses" VALUES ('001-0921', '北海道札幌市北区新川一条', '2020-05-27 16:59:12', 1, '2020-05-27 16:59:12', 1);
INSERT INTO "addresses" VALUES ('001-0922', '北海道札幌市北区新川二条', '2020-05-27 16:59:12', 1, '2020-05-27 16:59:12', 1);
INSERT INTO "addresses" VALUES ('001-0923', '北海道札幌市北区新川三条', '2020-05-27 16:59:12', 1, '2020-05-27 16:59:12', 1);
INSERT INTO "addresses" VALUES ('001-0924', '北海道札幌市北区新川四条', '2020-05-27 16:59:12', 1, '2020-05-27 16:59:12', 1);
INSERT INTO "addresses" VALUES ('001-0925', '北海道札幌市北区新川五条', '2020-05-27 16:59:12', 1, '2020-05-27 16:59:12', 1);
INSERT INTO "addresses" VALUES ('001-0926', '北海道札幌市北区新川六条', '2020-05-27 16:59:12', 1, '2020-05-27 16:59:12', 1);
INSERT INTO "addresses" VALUES ('001-0927', '北海道札幌市北区新川七条', '2020-05-27 16:59:12', 1, '2020-05-27 16:59:12', 1);
INSERT INTO "addresses" VALUES ('001-0928', '北海道札幌市北区新川八条', '2020-05-27 16:59:12', 1, '2020-05-27 16:59:12', 1);
INSERT INTO "addresses" VALUES ('001-0931', '北海道札幌市北区新川西一条', '2020-05-27 16:59:12', 1, '2020-05-27 16:59:12', 1);
INSERT INTO "addresses" VALUES ('001-0932', '北海道札幌市北区新川西二条', '2020-05-27 16:59:12', 1, '2020-05-27 16:59:12', 1);
INSERT INTO "addresses" VALUES ('001-0933', '北海道札幌市北区新川西三条', '2020-05-27 16:59:12', 1, '2020-05-27 16:59:12', 1);
INSERT INTO "addresses" VALUES ('001-0934', '北海道札幌市北区新川西四条', '2020-05-27 16:59:12', 1, '2020-05-27 16:59:12', 1);
INSERT INTO "addresses" VALUES ('001-0935', '北海道札幌市北区新川西五条', '2020-05-27 16:59:12', 1, '2020-05-27 16:59:12', 1);
INSERT INTO "addresses" VALUES ('001-0901', '北海道札幌市北区新琴似一条', '2020-05-27 16:59:12', 1, '2020-05-27 16:59:12', 1);
INSERT INTO "addresses" VALUES ('001-0902', '北海道札幌市北区新琴似二条', '2020-05-27 16:59:12', 1, '2020-05-27 16:59:12', 1);
INSERT INTO "addresses" VALUES ('001-0903', '北海道札幌市北区新琴似三条', '2020-05-27 16:59:12', 1, '2020-05-27 16:59:12', 1);
INSERT INTO "addresses" VALUES ('001-0904', '北海道札幌市北区新琴似四条', '2020-05-27 16:59:12', 1, '2020-05-27 16:59:12', 1);
INSERT INTO "addresses" VALUES ('001-0905', '北海道札幌市北区新琴似五条', '2020-05-27 16:59:12', 1, '2020-05-27 16:59:12', 1);
INSERT INTO "addresses" VALUES ('001-0906', '北海道札幌市北区新琴似六条', '2020-05-27 16:59:12', 1, '2020-05-27 16:59:12', 1);
INSERT INTO "addresses" VALUES ('001-0907', '北海道札幌市北区新琴似七条', '2020-05-27 16:59:12', 1, '2020-05-27 16:59:12', 1);
INSERT INTO "addresses" VALUES ('001-0908', '北海道札幌市北区新琴似八条', '2020-05-27 16:59:12', 1, '2020-05-27 16:59:12', 1);
INSERT INTO "addresses" VALUES ('001-0909', '北海道札幌市北区新琴似九条', '2020-05-27 16:59:12', 1, '2020-05-27 16:59:12', 1);
INSERT INTO "addresses" VALUES ('001-0910', '北海道札幌市北区新琴似十条', '2020-05-27 16:59:12', 1, '2020-05-27 16:59:12', 1);
INSERT INTO "addresses" VALUES ('001-0911', '北海道札幌市北区新琴似十一条', '2020-05-27 16:59:12', 1, '2020-05-27 16:59:12', 1);
INSERT INTO "addresses" VALUES ('001-0912', '北海道札幌市北区新琴似十二条', '2020-05-27 16:59:12', 1, '2020-05-27 16:59:12', 1);
INSERT INTO "addresses" VALUES ('001-0915', '北海道札幌市北区新琴似町', '2020-05-27 16:59:12', 1, '2020-05-27 16:59:12', 1);
INSERT INTO "addresses" VALUES ('002-8001', '北海道札幌市北区太平一条', '2020-05-27 16:59:12', 1, '2020-05-27 16:59:12', 1);
INSERT INTO "addresses" VALUES ('002-8002', '北海道札幌市北区太平二条', '2020-05-27 16:59:12', 1, '2020-05-27 16:59:12', 1);
INSERT INTO "addresses" VALUES ('002-8003', '北海道札幌市北区太平三条', '2020-05-27 16:59:12', 1, '2020-05-27 16:59:12', 1);
INSERT INTO "addresses" VALUES ('002-8004', '北海道札幌市北区太平四条', '2020-05-27 16:59:12', 1, '2020-05-27 16:59:12', 1);
INSERT INTO "addresses" VALUES ('002-8005', '北海道札幌市北区太平五条', '2020-05-27 16:59:12', 1, '2020-05-27 16:59:12', 1);
INSERT INTO "addresses" VALUES ('002-8006', '北海道札幌市北区太平六条', '2020-05-27 16:59:12', 1, '2020-05-27 16:59:12', 1);
INSERT INTO "addresses" VALUES ('002-8007', '北海道札幌市北区太平七条', '2020-05-27 16:59:12', 1, '2020-05-27 16:59:12', 1);
INSERT INTO "addresses" VALUES ('002-8008', '北海道札幌市北区太平八条', '2020-05-27 16:59:12', 1, '2020-05-27 16:59:12', 1);
INSERT INTO "addresses" VALUES ('002-8009', '北海道札幌市北区太平九条', '2020-05-27 16:59:12', 1, '2020-05-27 16:59:12', 1);
INSERT INTO "addresses" VALUES ('002-8010', '北海道札幌市北区太平十条', '2020-05-27 16:59:12', 1, '2020-05-27 16:59:12', 1);
INSERT INTO "addresses" VALUES ('002-8011', '北海道札幌市北区太平十一条', '2020-05-27 16:59:12', 1, '2020-05-27 16:59:12', 1);
INSERT INTO "addresses" VALUES ('002-8012', '北海道札幌市北区太平十二条', '2020-05-27 16:59:12', 1, '2020-05-27 16:59:12', 1);
INSERT INTO "addresses" VALUES ('002-8061', '北海道札幌市北区拓北一条', '2020-05-27 16:59:12', 1, '2020-05-27 16:59:12', 1);
INSERT INTO "addresses" VALUES ('002-8062', '北海道札幌市北区拓北二条', '2020-05-27 16:59:12', 1, '2020-05-27 16:59:12', 1);
INSERT INTO "addresses" VALUES ('002-8063', '北海道札幌市北区拓北三条', '2020-05-27 16:59:12', 1, '2020-05-27 16:59:12', 1);
INSERT INTO "addresses" VALUES ('002-8064', '北海道札幌市北区拓北四条', '2020-05-27 16:59:12', 1, '2020-05-27 16:59:12', 1);
INSERT INTO "addresses" VALUES ('002-8065', '北海道札幌市北区拓北五条', '2020-05-27 16:59:12', 1, '2020-05-27 16:59:12', 1);
INSERT INTO "addresses" VALUES ('002-8066', '北海道札幌市北区拓北六条', '2020-05-27 16:59:12', 1, '2020-05-27 16:59:12', 1);
INSERT INTO "addresses" VALUES ('002-8067', '北海道札幌市北区拓北七条', '2020-05-27 16:59:12', 1, '2020-05-27 16:59:12', 1);
INSERT INTO "addresses" VALUES ('002-8068', '北海道札幌市北区拓北八条', '2020-05-27 16:59:12', 1, '2020-05-27 16:59:12', 1);
INSERT INTO "addresses" VALUES ('002-0851', '北海道札幌市北区屯田一条', '2020-05-27 16:59:12', 1, '2020-05-27 16:59:12', 1);
INSERT INTO "addresses" VALUES ('002-0852', '北海道札幌市北区屯田二条', '2020-05-27 16:59:12', 1, '2020-05-27 16:59:12', 1);
INSERT INTO "addresses" VALUES ('002-0853', '北海道札幌市北区屯田三条', '2020-05-27 16:59:12', 1, '2020-05-27 16:59:12', 1);
INSERT INTO "addresses" VALUES ('002-0854', '北海道札幌市北区屯田四条', '2020-05-27 16:59:12', 1, '2020-05-27 16:59:12', 1);
INSERT INTO "addresses" VALUES ('002-0855', '北海道札幌市北区屯田五条', '2020-05-27 16:59:12', 1, '2020-05-27 16:59:12', 1);
INSERT INTO "addresses" VALUES ('002-0856', '北海道札幌市北区屯田六条', '2020-05-27 16:59:12', 1, '2020-05-27 16:59:12', 1);
INSERT INTO "addresses" VALUES ('002-0857', '北海道札幌市北区屯田七条', '2020-05-27 16:59:12', 1, '2020-05-27 16:59:12', 1);
INSERT INTO "addresses" VALUES ('002-0858', '北海道札幌市北区屯田八条', '2020-05-27 16:59:12', 1, '2020-05-27 16:59:12', 1);
INSERT INTO "addresses" VALUES ('002-0859', '北海道札幌市北区屯田九条', '2020-05-27 16:59:12', 1, '2020-05-27 16:59:12', 1);
INSERT INTO "addresses" VALUES ('002-0860', '北海道札幌市北区屯田十条', '2020-05-27 16:59:12', 1, '2020-05-27 16:59:12', 1);
INSERT INTO "addresses" VALUES ('002-0861', '北海道札幌市北区屯田十一条', '2020-05-27 16:59:12', 1, '2020-05-27 16:59:12', 1);
INSERT INTO "addresses" VALUES ('002-0865', '北海道札幌市北区屯田町', '2020-05-27 16:59:12', 1, '2020-05-27 16:59:12', 1);
INSERT INTO "addresses" VALUES ('002-8038', '北海道札幌市北区西茨戸', '2020-05-27 16:59:12', 1, '2020-05-27 16:59:12', 1);
INSERT INTO "addresses" VALUES ('002-8031', '北海道札幌市北区西茨戸一条', '2020-05-27 16:59:12', 1, '2020-05-27 16:59:12', 1);
INSERT INTO "addresses" VALUES ('002-8032', '北海道札幌市北区西茨戸二条', '2020-05-27 16:59:12', 1, '2020-05-27 16:59:12', 1);
INSERT INTO "addresses" VALUES ('002-8033', '北海道札幌市北区西茨戸三条', '2020-05-27 16:59:12', 1, '2020-05-27 16:59:12', 1);
INSERT INTO "addresses" VALUES ('002-8034', '北海道札幌市北区西茨戸四条', '2020-05-27 16:59:12', 1, '2020-05-27 16:59:12', 1);
INSERT INTO "addresses" VALUES ('002-8035', '北海道札幌市北区西茨戸五条', '2020-05-27 16:59:12', 1, '2020-05-27 16:59:12', 1);
INSERT INTO "addresses" VALUES ('002-8036', '北海道札幌市北区西茨戸六条', '2020-05-27 16:59:12', 1, '2020-05-27 16:59:12', 1);
INSERT INTO "addresses" VALUES ('002-8037', '北海道札幌市北区西茨戸七条', '2020-05-27 16:59:12', 1, '2020-05-27 16:59:12', 1);
INSERT INTO "addresses" VALUES ('002-8043', '北海道札幌市北区東茨戸', '2020-05-27 16:59:12', 1, '2020-05-27 16:59:12', 1);
INSERT INTO "addresses" VALUES ('002-8041', '北海道札幌市北区東茨戸一条', '2020-05-27 16:59:12', 1, '2020-05-27 16:59:12', 1);
INSERT INTO "addresses" VALUES ('002-8042', '北海道札幌市北区東茨戸二条', '2020-05-27 16:59:12', 1, '2020-05-27 16:59:12', 1);
INSERT INTO "addresses" VALUES ('002-8044', '北海道札幌市北区東茨戸三条', '2020-05-27 16:59:12', 1, '2020-05-27 16:59:12', 1);
INSERT INTO "addresses" VALUES ('002-8045', '北海道札幌市北区東茨戸四条', '2020-05-27 16:59:12', 1, '2020-05-27 16:59:12', 1);
INSERT INTO "addresses" VALUES ('002-8091', '北海道札幌市北区南あいの里', '2020-05-27 16:59:12', 1, '2020-05-27 16:59:12', 1);
INSERT INTO "addresses" VALUES ('002-8081', '北海道札幌市北区百合が原', '2020-05-27 16:59:12', 1, '2020-05-27 16:59:12', 1);
INSERT INTO "addresses" VALUES ('002-8082', '北海道札幌市北区百合が原公園', '2020-05-27 16:59:12', 1, '2020-05-27 16:59:12', 1);
INSERT INTO "addresses" VALUES ('065-0000', '北海道札幌市東区以下に掲載がない場合', '2020-05-27 16:59:12', 1, '2020-05-27 16:59:12', 1);
INSERT INTO "addresses" VALUES ('007-0880', '北海道札幌市東区丘珠町', '2020-05-27 16:59:12', 1, '2020-05-27 16:59:12', 1);
INSERT INTO "addresses" VALUES ('007-0881', '北海道札幌市東区北丘珠一条', '2020-05-27 16:59:12', 1, '2020-05-27 16:59:12', 1);
INSERT INTO "addresses" VALUES ('007-0882', '北海道札幌市東区北丘珠二条', '2020-05-27 16:59:12', 1, '2020-05-27 16:59:12', 1);
INSERT INTO "addresses" VALUES ('007-0883', '北海道札幌市東区北丘珠三条', '2020-05-27 16:59:12', 1, '2020-05-27 16:59:12', 1);
INSERT INTO "addresses" VALUES ('007-0884', '北海道札幌市東区北丘珠四条', '2020-05-27 16:59:12', 1, '2020-05-27 16:59:12', 1);
INSERT INTO "addresses" VALUES ('007-0885', '北海道札幌市東区北丘珠五条', '2020-05-27 16:59:12', 1, '2020-05-27 16:59:12', 1);
INSERT INTO "addresses" VALUES ('007-0886', '北海道札幌市東区北丘珠六条', '2020-05-27 16:59:12', 1, '2020-05-27 16:59:12', 1);
INSERT INTO "addresses" VALUES ('065-0004', '北海道札幌市東区北四条東（９～１６丁目）', '2020-05-27 16:59:12', 1, '2020-05-27 16:59:12', 1);
INSERT INTO "addresses" VALUES ('060-0905', '北海道札幌市東区北五条東（４～７丁目）', '2020-05-27 16:59:12', 1, '2020-05-27 16:59:12', 1);
INSERT INTO "addresses" VALUES ('065-0005', '北海道札幌市東区北五条東（８～１７丁目）', '2020-05-27 16:59:12', 1, '2020-05-27 16:59:12', 1);
INSERT INTO "addresses" VALUES ('060-0906', '北海道札幌市東区北六条東（１～７丁目）', '2020-05-27 16:59:12', 1, '2020-05-27 16:59:12', 1);
INSERT INTO "addresses" VALUES ('065-0006', '北海道札幌市東区北六条東（８～２０丁目）', '2020-05-27 16:59:12', 1, '2020-05-27 16:59:12', 1);
INSERT INTO "addresses" VALUES ('060-0907', '北海道札幌市東区北七条東（１～７丁目）', '2020-05-27 16:59:12', 1, '2020-05-27 16:59:12', 1);
INSERT INTO "addresses" VALUES ('065-0007', '北海道札幌市東区北七条東（８～２０丁目）', '2020-05-27 16:59:12', 1, '2020-05-27 16:59:12', 1);
INSERT INTO "addresses" VALUES ('060-0908', '北海道札幌市東区北八条東（１～７丁目）', '2020-05-27 16:59:12', 1, '2020-05-27 16:59:12', 1);
INSERT INTO "addresses" VALUES ('065-0008', '北海道札幌市東区北八条東（８～１９丁目）', '2020-05-27 16:59:12', 1, '2020-05-27 16:59:12', 1);
INSERT INTO "addresses" VALUES ('060-0909', '北海道札幌市東区北九条東（１～７丁目）', '2020-05-27 16:59:12', 1, '2020-05-27 16:59:12', 1);
INSERT INTO "addresses" VALUES ('065-0009', '北海道札幌市東区北九条東（８～１６丁目）', '2020-05-27 16:59:12', 1, '2020-05-27 16:59:12', 1);
INSERT INTO "addresses" VALUES ('065-0010', '北海道札幌市東区北十条東', '2020-05-27 16:59:12', 1, '2020-05-27 16:59:12', 1);
INSERT INTO "addresses" VALUES ('065-0011', '北海道札幌市東区北十一条東', '2020-05-27 16:59:12', 1, '2020-05-27 16:59:12', 1);
INSERT INTO "addresses" VALUES ('065-0012', '北海道札幌市東区北十二条東', '2020-05-27 16:59:12', 1, '2020-05-27 16:59:12', 1);
INSERT INTO "addresses" VALUES ('065-0013', '北海道札幌市東区北十三条東', '2020-05-27 16:59:12', 1, '2020-05-27 16:59:12', 1);
INSERT INTO "addresses" VALUES ('065-0014', '北海道札幌市東区北十四条東', '2020-05-27 16:59:12', 1, '2020-05-27 16:59:12', 1);
INSERT INTO "addresses" VALUES ('065-0015', '北海道札幌市東区北十五条東', '2020-05-27 16:59:12', 1, '2020-05-27 16:59:12', 1);
INSERT INTO "addresses" VALUES ('065-0016', '北海道札幌市東区北十六条東', '2020-05-27 16:59:12', 1, '2020-05-27 16:59:12', 1);
INSERT INTO "addresses" VALUES ('065-0017', '北海道札幌市東区北十七条東', '2020-05-27 16:59:12', 1, '2020-05-27 16:59:12', 1);
INSERT INTO "addresses" VALUES ('065-0018', '北海道札幌市東区北十八条東', '2020-05-27 16:59:12', 1, '2020-05-27 16:59:12', 1);
INSERT INTO "addresses" VALUES ('065-0019', '北海道札幌市東区北十九条東', '2020-05-27 16:59:12', 1, '2020-05-27 16:59:12', 1);
INSERT INTO "addresses" VALUES ('065-0020', '北海道札幌市東区北二十条東', '2020-05-27 16:59:12', 1, '2020-05-27 16:59:12', 1);
INSERT INTO "addresses" VALUES ('065-0021', '北海道札幌市東区北二十一条東', '2020-05-27 16:59:12', 1, '2020-05-27 16:59:12', 1);
INSERT INTO "addresses" VALUES ('065-0022', '北海道札幌市東区北二十二条東', '2020-05-27 16:59:12', 1, '2020-05-27 16:59:12', 1);
INSERT INTO "addresses" VALUES ('065-0023', '北海道札幌市東区北二十三条東', '2020-05-27 16:59:12', 1, '2020-05-27 16:59:12', 1);
INSERT INTO "addresses" VALUES ('065-0024', '北海道札幌市東区北二十四条東', '2020-05-27 16:59:12', 1, '2020-05-27 16:59:12', 1);
INSERT INTO "addresses" VALUES ('065-0025', '北海道札幌市東区北二十五条東', '2020-05-27 16:59:12', 1, '2020-05-27 16:59:12', 1);
INSERT INTO "addresses" VALUES ('065-0026', '北海道札幌市東区北二十六条東', '2020-05-27 16:59:12', 1, '2020-05-27 16:59:12', 1);
INSERT INTO "addresses" VALUES ('065-0027', '北海道札幌市東区北二十七条東', '2020-05-27 16:59:12', 1, '2020-05-27 16:59:12', 1);
INSERT INTO "addresses" VALUES ('065-0028', '北海道札幌市東区北二十八条東', '2020-05-27 16:59:12', 1, '2020-05-27 16:59:12', 1);
INSERT INTO "addresses" VALUES ('065-0030', '北海道札幌市東区北三十条東', '2020-05-27 16:59:12', 1, '2020-05-27 16:59:12', 1);
INSERT INTO "addresses" VALUES ('065-0031', '北海道札幌市東区北三十一条東', '2020-05-27 16:59:12', 1, '2020-05-27 16:59:12', 1);
INSERT INTO "addresses" VALUES ('065-0032', '北海道札幌市東区北三十二条東', '2020-05-27 16:59:12', 1, '2020-05-27 16:59:12', 1);
INSERT INTO "addresses" VALUES ('065-0033', '北海道札幌市東区北三十三条東', '2020-05-27 16:59:12', 1, '2020-05-27 16:59:12', 1);
INSERT INTO "addresses" VALUES ('040-0064', '北海道函館市大手町', '2020-05-27 16:59:12', 1, '2020-05-27 16:59:12', 1);
INSERT INTO "addresses" VALUES ('007-0834', '北海道札幌市東区北三十四条東', '2020-05-27 16:59:12', 1, '2020-05-27 16:59:12', 1);
INSERT INTO "addresses" VALUES ('007-0835', '北海道札幌市東区北三十五条東', '2020-05-27 16:59:12', 1, '2020-05-27 16:59:12', 1);
INSERT INTO "addresses" VALUES ('007-0836', '北海道札幌市東区北三十六条東', '2020-05-27 16:59:12', 1, '2020-05-27 16:59:12', 1);
INSERT INTO "addresses" VALUES ('007-0837', '北海道札幌市東区北三十七条東', '2020-05-27 16:59:12', 1, '2020-05-27 16:59:12', 1);
INSERT INTO "addresses" VALUES ('007-0838', '北海道札幌市東区北三十八条東', '2020-05-27 16:59:12', 1, '2020-05-27 16:59:12', 1);
INSERT INTO "addresses" VALUES ('007-0839', '北海道札幌市東区北三十九条東', '2020-05-27 16:59:12', 1, '2020-05-27 16:59:12', 1);
INSERT INTO "addresses" VALUES ('007-0840', '北海道札幌市東区北四十条東', '2020-05-27 16:59:12', 1, '2020-05-27 16:59:12', 1);
INSERT INTO "addresses" VALUES ('007-0841', '北海道札幌市東区北四十一条東', '2020-05-27 16:59:12', 1, '2020-05-27 16:59:12', 1);
INSERT INTO "addresses" VALUES ('007-0842', '北海道札幌市東区北四十二条東', '2020-05-27 16:59:12', 1, '2020-05-27 16:59:12', 1);
INSERT INTO "addresses" VALUES ('007-0843', '北海道札幌市東区北四十三条東', '2020-05-27 16:59:12', 1, '2020-05-27 16:59:12', 1);
INSERT INTO "addresses" VALUES ('007-0844', '北海道札幌市東区北四十四条東', '2020-05-27 16:59:12', 1, '2020-05-27 16:59:12', 1);
INSERT INTO "addresses" VALUES ('007-0845', '北海道札幌市東区北四十五条東', '2020-05-27 16:59:12', 1, '2020-05-27 16:59:12', 1);
INSERT INTO "addresses" VALUES ('007-0846', '北海道札幌市東区北四十六条東', '2020-05-27 16:59:12', 1, '2020-05-27 16:59:12', 1);
INSERT INTO "addresses" VALUES ('007-0847', '北海道札幌市東区北四十七条東', '2020-05-27 16:59:12', 1, '2020-05-27 16:59:12', 1);
INSERT INTO "addresses" VALUES ('007-0848', '北海道札幌市東区北四十八条東', '2020-05-27 16:59:12', 1, '2020-05-27 16:59:12', 1);
INSERT INTO "addresses" VALUES ('007-0849', '北海道札幌市東区北四十九条東', '2020-05-27 16:59:12', 1, '2020-05-27 16:59:12', 1);
INSERT INTO "addresses" VALUES ('007-0850', '北海道札幌市東区北五十条東', '2020-05-27 16:59:12', 1, '2020-05-27 16:59:12', 1);
INSERT INTO "addresses" VALUES ('007-0851', '北海道札幌市東区北五十一条東', '2020-05-27 16:59:12', 1, '2020-05-27 16:59:12', 1);
INSERT INTO "addresses" VALUES ('007-0852', '北海道札幌市東区栄町', '2020-05-27 16:59:12', 1, '2020-05-27 16:59:12', 1);
INSERT INTO "addresses" VALUES ('065-0043', '北海道札幌市東区苗穂町', '2020-05-27 16:59:12', 1, '2020-05-27 16:59:12', 1);
INSERT INTO "addresses" VALUES ('007-0001', '北海道札幌市東区中沼一条', '2020-05-27 16:59:12', 1, '2020-05-27 16:59:12', 1);
INSERT INTO "addresses" VALUES ('007-0002', '北海道札幌市東区中沼二条', '2020-05-27 16:59:12', 1, '2020-05-27 16:59:12', 1);
INSERT INTO "addresses" VALUES ('007-0003', '北海道札幌市東区中沼三条', '2020-05-27 16:59:12', 1, '2020-05-27 16:59:12', 1);
INSERT INTO "addresses" VALUES ('007-0004', '北海道札幌市東区中沼四条', '2020-05-27 16:59:12', 1, '2020-05-27 16:59:12', 1);
INSERT INTO "addresses" VALUES ('007-0005', '北海道札幌市東区中沼五条', '2020-05-27 16:59:12', 1, '2020-05-27 16:59:12', 1);

-- ----------------------------
-- Table structure for data_change
-- ----------------------------
DROP TABLE IF EXISTS "data_change";
CREATE TABLE "data_change" (
  "data_change_id" int8 NOT NULL,
  "extension_belong" int4 NOT NULL,
  "data_id" int4 NOT NULL,
  "action" int4 NOT NULL,
  "created_date" timestamp(6) NOT NULL,
  "created_user" int8 NOT NULL,
  "updated_date" timestamp(6) NOT NULL,
  "updated_user" int8 NOT NULL
)
;

-- ----------------------------
-- Records of data_change
-- ----------------------------

-- ----------------------------
-- Table structure for date_formats
-- ----------------------------
DROP TABLE IF EXISTS "date_formats";
CREATE TABLE "date_formats" (
  "date_format_id" int8 NOT NULL,
  "language_id" int8 NOT NULL,
  "date_format" varchar(20) COLLATE "pg_catalog"."default" NOT NULL,
  "display_order" int4 NOT NULL,
  "created_date" timestamp(6) NOT NULL,
  "created_user" int8 NOT NULL,
  "updated_date" timestamp(6) NOT NULL,
  "updated_user" int8 NOT NULL
)
;

-- ----------------------------
-- Records of date_formats
-- ----------------------------

-- ----------------------------
-- Table structure for field_info
-- ----------------------------
DROP TABLE IF EXISTS "field_info";
CREATE TABLE "field_info" (
  "field_id" int8 NOT NULL,
  "created_date" timestamp(6) NOT NULL,
  "created_user" int8 NOT NULL,
  "updated_date" timestamp(6) NOT NULL,
  "updated_user" int8 NOT NULL,
  "config_value" varchar(4000) COLLATE "pg_catalog"."default",
  "decimal_place" int4,
  "default_value" varchar(1000) COLLATE "pg_catalog"."default",
  "field_belong" int4 NOT NULL,
  "field_name" varchar(60) COLLATE "pg_catalog"."default" NOT NULL,
  "field_order" int4,
  "field_type" int4,
  "is_double_column" bool,
  "is_linked_google_map" bool,
  "others_permission_level" int4,
  "own_permission_level" int4,
  "url_encode" int4,
  "url_target" varchar(1000) COLLATE "pg_catalog"."default",
  "url_text" varchar(500) COLLATE "pg_catalog"."default",
  "field_group" int8,
  "field_label" jsonb NOT NULL,
  "modify_flag" int4,
  "available_flag" int4,
  "link_target" int4,
  "currency_unit" varchar(50) COLLATE "pg_catalog"."default",
  "url_type" int4,
  "lookup_data" jsonb,
  "relation_data" jsonb,
  "is_default" bool,
  "max_length" int4,
  "type_unit" int4,
  "tab_data" jsonb,
  "lookup_field_id" int8,
  "looked_field_id" int8
)
;

-- ----------------------------
-- Records of field_info
-- ----------------------------
INSERT INTO "field_info" VALUES (1, '2020-05-28 21:07:54', 1, '2020-05-28 21:07:54', 1, NULL, NULL, NULL, 2, 'schedule_type_id', 1, 1, 'f', NULL, NULL, NULL, NULL, NULL, NULL, NULL, '{"ja_jp": "種別"}', 3, NULL, NULL, NULL, NULL, NULL, NULL, 't', 0, NULL, NULL, NULL, NULL);
INSERT INTO "field_info" VALUES (2, '2020-05-28 21:07:54', 1, '2020-05-28 21:07:54', 1, NULL, NULL, NULL, 2, 'schedule_name', 2, 9, 'f', NULL, NULL, NULL, NULL, NULL, NULL, NULL, '{"ja_jp": "件名"}', 3, NULL, NULL, NULL, NULL, NULL, NULL, 't', 1000, NULL, NULL, NULL, NULL);
INSERT INTO "field_info" VALUES (3, '2020-05-28 21:07:54', 1, '2020-05-28 21:07:54', 1, NULL, NULL, NULL, 2, 'date_time', 3, 7, 'f', NULL, NULL, NULL, NULL, NULL, NULL, NULL, '{"ja_jp": "日時"}', 3, NULL, NULL, NULL, NULL, NULL, NULL, 't', 0, NULL, NULL, NULL, NULL);
INSERT INTO "field_info" VALUES (4, '2020-05-28 21:07:54', 1, '2020-05-28 21:07:54', 1, NULL, NULL, NULL, 2, 'customter_id', 4, 99, 'f', NULL, NULL, NULL, NULL, NULL, NULL, NULL, '{"ja_jp": "顧客"}', 1, NULL, NULL, NULL, NULL, NULL, NULL, 't', 0, NULL, NULL, NULL, NULL);
INSERT INTO "field_info" VALUES (5, '2020-05-28 21:07:54', 1, '2020-05-28 21:07:54', 1, NULL, NULL, NULL, 2, 'schedule_related_customer_id', 5, 99, 'f', NULL, NULL, NULL, NULL, NULL, NULL, NULL, '{"ja_jp": "関連顧客"}', 1, NULL, NULL, NULL, NULL, NULL, NULL, 't', 0, NULL, NULL, NULL, NULL);
INSERT INTO "field_info" VALUES (6, '2020-05-28 21:07:54', 1, '2020-05-28 21:07:54', 1, NULL, NULL, NULL, 2, 'address', 6, 14, 'f', NULL, NULL, NULL, NULL, NULL, NULL, NULL, '{"ja_jp": "住所"}', 1, NULL, NULL, NULL, NULL, NULL, NULL, 't', 0, NULL, NULL, NULL, NULL);
INSERT INTO "field_info" VALUES (7, '2020-05-28 21:07:54', 1, '2020-05-28 21:07:54', 1, NULL, NULL, NULL, 2, 'business_card_id', 7, 99, 'f', NULL, NULL, NULL, NULL, NULL, NULL, NULL, '{"ja_jp": "社外参加者"}', 1, NULL, NULL, NULL, NULL, NULL, NULL, 't', 0, NULL, NULL, NULL, NULL);
INSERT INTO "field_info" VALUES (8, '2020-05-28 21:07:54', 1, '2020-05-28 21:07:54', 1, NULL, NULL, NULL, 2, 'paticipant_operator_id', 8, 18, 'f', NULL, NULL, NULL, NULL, NULL, NULL, NULL, '{"ja_jp": "参加者"}', 1, NULL, NULL, NULL, NULL, NULL, NULL, 't', 0, NULL, NULL, NULL, NULL);
INSERT INTO "field_info" VALUES (9, '2020-05-28 21:07:54', 1, '2020-05-28 21:07:54', 1, NULL, NULL, NULL, 2, 'shared_operator_id', 9, 18, 'f', NULL, NULL, NULL, NULL, NULL, NULL, NULL, '{"ja_jp": "共有者"}', 1, NULL, NULL, NULL, NULL, NULL, NULL, 't', 0, NULL, NULL, NULL, NULL);
INSERT INTO "field_info" VALUES (10, '2020-05-28 21:07:54', 1, '2020-05-28 21:07:54', 1, NULL, NULL, NULL, 2, 'equipment_name', 10, 99, 'f', NULL, NULL, NULL, NULL, NULL, NULL, NULL, '{"ja_jp": "会議室・設備"}', 1, NULL, NULL, NULL, NULL, NULL, NULL, 't', 0, NULL, NULL, NULL, NULL);
INSERT INTO "field_info" VALUES (11, '2020-05-28 21:07:54', 1, '2020-05-28 21:07:54', 1, NULL, NULL, NULL, 2, 'note', 11, 10, 'f', NULL, NULL, NULL, NULL, NULL, NULL, NULL, '{"ja_jp": "メモ"}', 1, NULL, NULL, NULL, NULL, NULL, NULL, 't', 0, NULL, NULL, NULL, NULL);
INSERT INTO "field_info" VALUES (12, '2020-05-28 21:07:54', 1, '2020-05-28 21:07:54', 1, NULL, NULL, NULL, 2, 'file_name', 12, 11, 'f', NULL, NULL, NULL, NULL, NULL, NULL, NULL, '{"ja_jp": "添付ファイル"}', 1, NULL, NULL, NULL, NULL, NULL, NULL, 't', 255, NULL, NULL, NULL, NULL);
INSERT INTO "field_info" VALUES (13, '2020-05-28 21:07:54', 1, '2020-05-28 21:07:54', 1, NULL, NULL, NULL, 2, 'task_name', 13, 99, 'f', NULL, NULL, NULL, NULL, NULL, NULL, NULL, '{"ja_jp": "タスク"}', 1, NULL, NULL, NULL, NULL, NULL, NULL, 't', 255, NULL, NULL, NULL, NULL);
INSERT INTO "field_info" VALUES (14, '2020-05-28 21:07:54', 1, '2020-05-28 21:07:54', 1, NULL, NULL, NULL, 2, 'milestone_name', 14, 99, 'f', NULL, NULL, NULL, NULL, NULL, NULL, NULL, '{"ja_jp": "マイルストーン"}', 1, NULL, NULL, NULL, NULL, NULL, NULL, 't', 255, NULL, NULL, NULL, NULL);
INSERT INTO "field_info" VALUES (15, '2020-05-28 21:07:54', 1, '2020-05-28 21:07:54', 1, NULL, NULL, NULL, 2, 'is_public', 15, 3, 'f', NULL, NULL, NULL, NULL, NULL, NULL, NULL, '{"ja_jp": "公開設定"}', 1, NULL, NULL, NULL, NULL, NULL, NULL, 't', 0, NULL, NULL, NULL, NULL);
INSERT INTO "field_info" VALUES (16, '2020-05-28 21:07:54', 1, '2020-05-28 21:07:54', 1, NULL, NULL, NULL, 2, 'can_modify', 16, 3, 'f', NULL, NULL, NULL, NULL, NULL, NULL, NULL, '{"ja_jp": "編集・公開設定"}', 1, NULL, NULL, NULL, NULL, NULL, NULL, 't', 0, NULL, NULL, NULL, NULL);
INSERT INTO "field_info" VALUES (17, '2020-05-28 21:07:54', 1, '2020-05-28 21:07:54', 1, NULL, NULL, NULL, 2, 'created_date', 17, 7, 'f', NULL, NULL, NULL, NULL, NULL, NULL, NULL, '{"ja_jp": "登録日"}', 0, NULL, NULL, NULL, NULL, NULL, NULL, 't', 0, NULL, NULL, NULL, NULL);
INSERT INTO "field_info" VALUES (18, '2020-05-28 21:07:54', 1, '2020-05-28 21:07:54', 1, NULL, NULL, NULL, 2, 'created_user', 18, 99, 'f', NULL, NULL, NULL, NULL, NULL, NULL, NULL, '{"ja_jp": "登録者"}', 0, NULL, NULL, NULL, NULL, NULL, NULL, 't', 0, NULL, NULL, NULL, NULL);
INSERT INTO "field_info" VALUES (19, '2020-05-28 21:07:54', 1, '2020-05-28 21:07:54', 1, NULL, NULL, NULL, 2, 'updated_date', 19, 7, 'f', NULL, NULL, NULL, NULL, NULL, NULL, NULL, '{"ja_jp": "最終更新日"}', 0, NULL, NULL, NULL, NULL, NULL, NULL, 't', 0, NULL, NULL, NULL, NULL);
INSERT INTO "field_info" VALUES (20, '2020-05-28 21:07:54', 1, '2020-05-28 21:07:54', 1, NULL, NULL, NULL, 2, 'updated_user', 20, 99, 'f', NULL, NULL, NULL, NULL, NULL, NULL, NULL, '{"ja_jp": "最終更新者"}', 0, NULL, NULL, NULL, NULL, NULL, NULL, 't', 0, NULL, NULL, NULL, NULL);
INSERT INTO "field_info" VALUES (22, '2020-05-28 21:07:54', 1, '2020-05-28 21:07:54', 1, NULL, NULL, NULL, 4, 'business_card_id', 1, 5, 'f', NULL, NULL, NULL, NULL, NULL, NULL, NULL, '{"ja_jp": "名刺コード"}', 0, NULL, NULL, NULL, NULL, NULL, NULL, 't', 0, NULL, NULL, NULL, NULL);
INSERT INTO "field_info" VALUES (23, '2020-05-28 21:07:54', 1, '2020-05-28 21:07:54', 1, NULL, NULL, NULL, 4, 'business_card_image_path', 2, 11, 't', NULL, NULL, NULL, NULL, NULL, NULL, NULL, '{"ja_jp": "名刺画像"}', 1, NULL, NULL, NULL, NULL, NULL, NULL, 't', 255, NULL, NULL, NULL, NULL);
INSERT INTO "field_info" VALUES (25, '2020-05-28 21:07:54', 1, '2020-05-28 21:07:54', 1, NULL, NULL, NULL, 4, 'first_name', 4, 9, 't', NULL, NULL, NULL, NULL, NULL, NULL, NULL, '{"ja_jp": "名前（姓）"}', 3, NULL, NULL, NULL, NULL, NULL, NULL, 't', 100, NULL, NULL, NULL, NULL);
INSERT INTO "field_info" VALUES (26, '2020-05-28 21:07:54', 1, '2020-05-28 21:07:54', 1, NULL, NULL, NULL, 4, 'last_name', 5, 9, 't', NULL, NULL, NULL, NULL, NULL, NULL, NULL, '{"ja_jp": "名前（名）"}', 1, NULL, NULL, NULL, NULL, NULL, NULL, 't', 100, NULL, NULL, NULL, NULL);
INSERT INTO "field_info" VALUES (27, '2020-05-28 21:07:54', 1, '2020-05-28 21:07:54', 1, NULL, NULL, NULL, 4, 'first_name_kana', 6, 9, 't', NULL, NULL, NULL, NULL, NULL, NULL, NULL, '{"ja_jp": "名前（かな）（姓）"}', 1, NULL, NULL, NULL, NULL, NULL, NULL, 't', 100, NULL, NULL, NULL, NULL);
INSERT INTO "field_info" VALUES (28, '2020-05-28 21:07:54', 1, '2020-05-28 21:07:54', 1, NULL, NULL, NULL, 4, 'last_name_kana', 7, 9, 't', NULL, NULL, NULL, NULL, NULL, NULL, NULL, '{"ja_jp": "名前（かな）（名）"}', 1, NULL, NULL, NULL, NULL, NULL, NULL, 't', 100, NULL, NULL, NULL, NULL);
INSERT INTO "field_info" VALUES (29, '2020-05-28 21:07:54', 1, '2020-05-28 21:07:54', 1, NULL, NULL, NULL, 4, 'position', 9, 9, 't', NULL, NULL, NULL, NULL, NULL, NULL, NULL, '{"ja_jp": "役職名"}', 1, NULL, NULL, NULL, NULL, NULL, NULL, 't', 100, NULL, NULL, NULL, NULL);
INSERT INTO "field_info" VALUES (30, '2020-05-28 21:07:54', 1, '2020-05-28 21:07:54', 1, NULL, NULL, NULL, 4, 'department_name', 8, 9, 't', NULL, NULL, NULL, NULL, NULL, NULL, NULL, '{"ja_jp": "部署名"}', 1, NULL, NULL, NULL, NULL, NULL, NULL, 't', 100, NULL, NULL, NULL, NULL);
INSERT INTO "field_info" VALUES (31, '2020-05-28 21:07:54', 1, '2020-05-28 21:07:54', 1, NULL, NULL, NULL, 4, 'zip_code', 10, 14, 't', NULL, NULL, NULL, NULL, NULL, NULL, NULL, '{"ja_jp": "郵便番号"}', 1, NULL, NULL, NULL, NULL, NULL, NULL, 't', 16, NULL, NULL, NULL, NULL);
INSERT INTO "field_info" VALUES (32, '2020-05-28 21:07:54', 1, '2020-05-28 21:07:54', 1, NULL, NULL, NULL, 4, 'address', 11, 14, 't', NULL, NULL, NULL, NULL, NULL, NULL, NULL, '{"ja_jp": "住所"}', 1, NULL, NULL, NULL, NULL, NULL, NULL, NULL, 255, NULL, NULL, NULL, NULL);
INSERT INTO "field_info" VALUES (34, '2020-05-28 21:07:54', 1, '2020-05-28 21:07:54', 1, NULL, NULL, NULL, 4, 'building', 12, 99, 't', NULL, NULL, NULL, NULL, NULL, NULL, NULL, '{"ja_jp": "建物名"}', 1, NULL, NULL, NULL, NULL, NULL, NULL, 't', 255, NULL, NULL, NULL, NULL);
INSERT INTO "field_info" VALUES (35, '2020-05-28 21:07:54', 1, '2020-05-28 21:07:54', 1, NULL, NULL, NULL, 4, 'email_address', 13, 15, 't', NULL, NULL, NULL, NULL, NULL, NULL, NULL, '{"ja_jp": "メールアドレス"}', 1, NULL, NULL, NULL, NULL, NULL, NULL, 't', 255, NULL, NULL, NULL, NULL);
INSERT INTO "field_info" VALUES (36, '2020-05-28 21:07:54', 1, '2020-05-28 21:07:54', 1, NULL, NULL, NULL, 4, 'phone_number', 14, 13, 't', NULL, NULL, NULL, NULL, NULL, NULL, NULL, '{"ja_jp": "電話番号"}', 1, NULL, NULL, NULL, NULL, NULL, NULL, 't', 255, NULL, NULL, NULL, NULL);
INSERT INTO "field_info" VALUES (37, '2020-05-28 21:07:54', 1, '2020-05-28 21:07:54', 1, NULL, NULL, NULL, 4, 'mobile_number', 15, 13, 'f', NULL, NULL, NULL, NULL, NULL, NULL, NULL, '{"ja_jp": "携帯番号"}', 1, NULL, NULL, NULL, NULL, NULL, NULL, 't', 255, NULL, NULL, NULL, NULL);
INSERT INTO "field_info" VALUES (39, '2020-05-28 21:07:54', 1, '2020-05-28 21:07:54', 1, NULL, NULL, NULL, 4, 'employee_id', 17, 18, 't', NULL, NULL, NULL, NULL, NULL, NULL, NULL, '{"ja_jp": "受取人"}', 1, NULL, NULL, NULL, NULL, NULL, NULL, 't', 0, NULL, NULL, NULL, NULL);
INSERT INTO "field_info" VALUES (40, '2020-05-28 21:07:54', 1, '2020-05-28 21:07:54', 1, NULL, NULL, NULL, 4, 'receive_date', 18, 7, 'f', NULL, NULL, NULL, NULL, NULL, NULL, NULL, '{"ja_jp": "受取日"}', 1, NULL, NULL, NULL, NULL, NULL, NULL, 't', 0, NULL, NULL, NULL, NULL);
INSERT INTO "field_info" VALUES (41, '2020-05-28 21:07:54', 1, '2020-05-28 21:07:54', 1, NULL, NULL, NULL, 4, 'last_contact_date', 19, 7, 't', NULL, NULL, NULL, NULL, NULL, NULL, NULL, '{"ja_jp": "最終接触日"}', 0, NULL, NULL, NULL, NULL, NULL, NULL, 't', 0, NULL, NULL, NULL, NULL);
INSERT INTO "field_info" VALUES (42, '2020-05-28 21:07:54', 1, '2020-05-28 21:07:54', 1, NULL, NULL, NULL, 4, 'received_last_contact_date', 20, 7, 't', NULL, NULL, NULL, NULL, NULL, NULL, NULL, '{"ja_jp": "最終接触日"}', 0, NULL, NULL, NULL, NULL, NULL, NULL, 't', 0, NULL, NULL, NULL, NULL);
INSERT INTO "field_info" VALUES (43, '2020-05-28 21:07:54', 1, '2020-05-28 21:07:54', 1, NULL, NULL, NULL, 4, 'is_working', 21, 3, 't', NULL, NULL, NULL, NULL, NULL, NULL, NULL, '{"ja_jp": "在職フラグ"}', 1, NULL, NULL, NULL, NULL, NULL, NULL, 't', 0, NULL, NULL, NULL, NULL);
INSERT INTO "field_info" VALUES (45, '2020-05-28 21:07:54', 1, '2020-05-28 21:07:54', 1, NULL, NULL, NULL, 4, 'memo', 23, 10, 't', NULL, NULL, NULL, NULL, NULL, NULL, NULL, '{"ja_jp": "メモ"}', 1, NULL, NULL, NULL, NULL, NULL, NULL, 't', 0, NULL, NULL, NULL, NULL);
INSERT INTO "field_info" VALUES (46, '2020-05-28 21:07:54', 1, '2020-05-28 21:07:54', 1, NULL, NULL, NULL, 4, 'created_date', 24, 7, 't', NULL, NULL, NULL, NULL, NULL, NULL, NULL, '{"ja_jp": "登録日"}', 0, NULL, NULL, NULL, NULL, NULL, NULL, 't', 0, NULL, NULL, NULL, NULL);
INSERT INTO "field_info" VALUES (47, '2020-05-28 21:07:54', 1, '2020-05-28 21:07:54', 1, NULL, NULL, NULL, 4, 'created_user', 25, 99, 't', NULL, NULL, NULL, NULL, NULL, NULL, NULL, '{"ja_jp": "登録者"}', 0, NULL, NULL, NULL, NULL, NULL, NULL, 't', 0, NULL, NULL, NULL, NULL);
INSERT INTO "field_info" VALUES (48, '2020-05-28 21:07:54', 1, '2020-05-28 21:07:54', 1, NULL, NULL, NULL, 4, 'updated_date', 26, 7, 't', NULL, NULL, NULL, NULL, NULL, NULL, NULL, '{"ja_jp": "最終更新日"}', 0, NULL, NULL, NULL, NULL, NULL, NULL, 't', 0, NULL, NULL, NULL, NULL);
INSERT INTO "field_info" VALUES (49, '2020-05-28 21:07:54', 1, '2020-05-28 21:07:54', 1, NULL, NULL, NULL, 4, 'updated_user', 27, 99, 't', NULL, NULL, NULL, NULL, NULL, NULL, NULL, '{"ja_jp": "最終更新者"}', 0, NULL, NULL, NULL, NULL, NULL, NULL, 't', 0, NULL, NULL, NULL, NULL);
INSERT INTO "field_info" VALUES (50, '2020-05-28 21:07:54', 1, '2020-05-28 21:07:54', 1, NULL, NULL, NULL, 5, 'customer_id', 1, 5, 'f', NULL, NULL, NULL, NULL, NULL, NULL, NULL, '{"ja_jp": "顧客コード"}', 0, NULL, NULL, NULL, NULL, NULL, NULL, 't', 0, NULL, NULL, NULL, NULL);
INSERT INTO "field_info" VALUES (51, '2020-05-28 21:07:54', 1, '2020-05-28 21:07:54', 1, NULL, NULL, NULL, 5, 'customer_parent', 2, 99, 't', NULL, NULL, NULL, NULL, NULL, NULL, NULL, '{"ja_jp": "親顧客"}', 1, NULL, NULL, NULL, NULL, NULL, NULL, 't', 0, NULL, NULL, NULL, NULL);
INSERT INTO "field_info" VALUES (52, '2020-05-28 21:07:54', 1, '2020-05-28 21:07:54', 1, NULL, NULL, NULL, 5, 'customer_name', 3, 9, 't', NULL, NULL, NULL, NULL, NULL, NULL, NULL, '{"ja_jp": "顧客名"}', 3, NULL, NULL, NULL, NULL, NULL, NULL, 't', 100, NULL, NULL, NULL, NULL);
INSERT INTO "field_info" VALUES (53, '2020-05-28 21:07:54', 1, '2020-05-28 21:07:54', 1, NULL, NULL, NULL, 5, 'phone_number', 5, 13, 't', NULL, NULL, NULL, NULL, NULL, NULL, NULL, '{"ja_jp": "電話番号"}', 1, NULL, NULL, NULL, NULL, NULL, NULL, 't', 20, NULL, NULL, NULL, NULL);
INSERT INTO "field_info" VALUES (54, '2020-05-28 21:07:54', 1, '2020-05-28 21:07:54', 1, NULL, NULL, NULL, 5, 'customer_address', 6, 14, 'f', NULL, NULL, NULL, NULL, NULL, NULL, NULL, '{"ja_jp": "住所"}', 1, NULL, NULL, NULL, NULL, NULL, NULL, 't', 0, NULL, NULL, NULL, NULL);
INSERT INTO "field_info" VALUES (55, '2020-05-28 21:07:54', 1, '2020-05-28 21:07:54', 1, NULL, NULL, NULL, 5, 'business_main', 7, 99, 't', NULL, NULL, NULL, NULL, NULL, NULL, NULL, '{"ja_jp": "業種"}', 3, NULL, NULL, NULL, NULL, NULL, NULL, 't', 0, NULL, NULL, NULL, NULL);
INSERT INTO "field_info" VALUES (56, '2020-05-28 21:07:54', 1, '2020-05-28 21:07:54', 1, NULL, NULL, NULL, 5, 'business_sub', 7, 99, 't', NULL, NULL, NULL, NULL, NULL, NULL, NULL, '{"ja_jp": ""}', 3, NULL, NULL, NULL, NULL, NULL, NULL, 't', 0, NULL, NULL, NULL, NULL);
INSERT INTO "field_info" VALUES (57, '2020-05-28 21:07:54', 1, '2020-05-28 21:07:54', 1, NULL, NULL, NULL, 5, 'url', 8, 12, 't', NULL, NULL, NULL, NULL, NULL, NULL, NULL, '{"ja_jp": "URL"}', 1, NULL, NULL, NULL, NULL, NULL, NULL, 't', 0, NULL, NULL, NULL, NULL);
INSERT INTO "field_info" VALUES (58, '2020-05-28 21:07:54', 1, '2020-05-28 21:07:54', 1, NULL, NULL, NULL, 5, 'person_in_charge', 9, 18, 't', NULL, NULL, NULL, NULL, NULL, NULL, NULL, '{"ja_jp": "担当"}', 1, NULL, NULL, NULL, NULL, NULL, NULL, 't', 0, NULL, NULL, NULL, NULL);
INSERT INTO "field_info" VALUES (61, '2020-05-28 21:07:54', 1, '2020-05-28 21:07:54', 1, NULL, NULL, NULL, 5, 'scenario_id', 10, 99, 'f', NULL, NULL, NULL, NULL, NULL, NULL, NULL, '{"ja_jp": "シナリオ"}', 1, NULL, NULL, NULL, NULL, NULL, NULL, 't', 0, NULL, NULL, NULL, NULL);
INSERT INTO "field_info" VALUES (62, '2020-05-28 21:07:54', 1, '2020-05-28 21:07:54', 1, NULL, NULL, NULL, 5, 'schedule_next', 11, 99, 't', NULL, NULL, NULL, NULL, NULL, NULL, NULL, '{"ja_jp": "次回スケジュール"}', 0, NULL, NULL, NULL, NULL, NULL, NULL, 't', 0, NULL, NULL, NULL, NULL);
INSERT INTO "field_info" VALUES (63, '2020-05-28 21:07:54', 1, '2020-05-28 21:07:54', 1, NULL, NULL, NULL, 5, 'action_next', 12, 99, 't', NULL, NULL, NULL, NULL, NULL, NULL, NULL, '{"ja_jp": "ネクストアクション"}', 0, NULL, NULL, NULL, NULL, NULL, NULL, 't', 0, NULL, NULL, NULL, NULL);
INSERT INTO "field_info" VALUES (64, '2020-05-28 21:07:54', 1, '2020-05-28 21:07:54', 1, NULL, NULL, NULL, 5, 'memo', 13, 10, 't', NULL, NULL, NULL, NULL, NULL, NULL, NULL, '{"ja_jp": "メモ"}', 1, NULL, NULL, NULL, NULL, NULL, NULL, 't', 0, NULL, NULL, NULL, NULL);
INSERT INTO "field_info" VALUES (65, '2020-05-28 21:07:54', 1, '2020-05-28 21:07:54', 1, NULL, NULL, NULL, 5, 'customer_logo', 14, 11, 't', NULL, NULL, NULL, NULL, NULL, NULL, NULL, '{"ja_jp": "顧客ロゴ"}', 1, NULL, NULL, NULL, NULL, NULL, NULL, 't', 0, NULL, NULL, NULL, NULL);
INSERT INTO "field_info" VALUES (66, '2020-05-28 21:07:54', 1, '2020-05-28 21:07:54', 1, NULL, NULL, NULL, 5, 'created_date', 15, 7, 't', NULL, NULL, NULL, NULL, NULL, NULL, NULL, '{"ja_jp": "登録日"}', 0, NULL, NULL, NULL, NULL, NULL, NULL, 't', 0, NULL, NULL, NULL, NULL);
INSERT INTO "field_info" VALUES (67, '2020-05-28 21:07:54', 1, '2020-05-28 21:07:54', 1, NULL, NULL, NULL, 5, 'created_user', 16, 99, 't', NULL, NULL, NULL, NULL, NULL, NULL, NULL, '{"ja_jp": "登録者"}', 0, NULL, NULL, NULL, NULL, NULL, NULL, 't', 0, NULL, NULL, NULL, NULL);
INSERT INTO "field_info" VALUES (68, '2020-05-28 21:07:54', 1, '2020-05-28 21:07:54', 1, NULL, NULL, NULL, 5, 'updated_date', 17, 7, 't', NULL, NULL, NULL, NULL, NULL, NULL, NULL, '{"ja_jp": "最終更新日"}', 0, NULL, NULL, NULL, NULL, NULL, NULL, 't', 0, NULL, NULL, NULL, NULL);
INSERT INTO "field_info" VALUES (69, '2020-05-28 21:07:54', 1, '2020-05-28 21:07:54', 1, NULL, NULL, NULL, 5, 'updated_user', 18, 99, 't', NULL, NULL, NULL, NULL, NULL, NULL, NULL, '{"ja_jp": "最終更新者"}', 0, NULL, NULL, NULL, NULL, NULL, NULL, 't', 0, NULL, NULL, NULL, NULL);
INSERT INTO "field_info" VALUES (70, '2020-05-28 21:07:54', 1, '2020-05-28 21:07:54', 1, NULL, NULL, NULL, 5, 'customer_alias_name', 4, 9, 't', NULL, NULL, NULL, NULL, NULL, NULL, NULL, '{"ja_jp": "顧客名(呼称)"}', 3, NULL, NULL, NULL, NULL, NULL, NULL, 't', 0, NULL, NULL, NULL, NULL);
INSERT INTO "field_info" VALUES (83, '2020-05-28 21:07:54', 1, '2020-05-28 21:07:54', 1, NULL, NULL, NULL, 6, 'contact_date', 1, 7, 't', NULL, NULL, NULL, NULL, NULL, NULL, NULL, '{"ja_jp": "接触日"}', 3, NULL, NULL, NULL, NULL, NULL, NULL, 't', 0, NULL, NULL, NULL, NULL);
INSERT INTO "field_info" VALUES (84, '2020-05-28 21:07:54', 1, '2020-05-28 21:07:54', 1, NULL, NULL, NULL, 6, 'activity_format_id', 5, 1, 't', NULL, NULL, NULL, NULL, NULL, NULL, NULL, '{"ja_jp": "報告フォーマット"}', 3, NULL, NULL, NULL, NULL, NULL, NULL, 't', 0, NULL, NULL, NULL, NULL);
INSERT INTO "field_info" VALUES (85, '2020-05-28 21:07:54', 1, '2020-05-28 21:07:54', 1, NULL, NULL, NULL, 6, 'activity_duration', 2, 8, 't', NULL, NULL, NULL, NULL, NULL, NULL, NULL, '{"ja_jp": "活動時間"}', 3, NULL, NULL, NULL, NULL, NULL, NULL, 't', 0, NULL, NULL, NULL, NULL);
INSERT INTO "field_info" VALUES (86, '2020-05-28 21:07:54', 1, '2020-05-28 21:07:54', 1, NULL, NULL, NULL, 6, 'employee_id', 4, 18, 't', NULL, NULL, NULL, NULL, NULL, NULL, NULL, '{"ja_jp": "報告者"}', 0, NULL, NULL, NULL, NULL, NULL, NULL, 't', 0, NULL, NULL, NULL, NULL);
INSERT INTO "field_info" VALUES (87, '2020-05-28 21:07:54', 1, '2020-05-28 21:07:54', 1, NULL, NULL, NULL, 6, 'interviewer', 7, 17, 't', NULL, NULL, NULL, NULL, NULL, NULL, NULL, '{"ja_jp": "当日面談者"}', 1, NULL, NULL, NULL, NULL, NULL, NULL, 't', 0, NULL, NULL, NULL, NULL);
INSERT INTO "field_info" VALUES (88, '2020-05-28 21:07:54', 1, '2020-05-28 21:07:54', 1, NULL, NULL, NULL, 6, 'customer_id', 6, 17, 't', NULL, NULL, NULL, NULL, NULL, NULL, NULL, '{"ja_jp": "顧客名"}', 1, NULL, NULL, NULL, NULL, NULL, NULL, 't', 0, NULL, NULL, NULL, NULL);
INSERT INTO "field_info" VALUES (89, '2020-05-28 21:07:54', 1, '2020-05-28 21:07:54', 1, NULL, NULL, NULL, 6, 'customer_id', 8, 17, 't', NULL, NULL, NULL, NULL, NULL, NULL, NULL, '{"ja_jp": "関係顧客"}', 0, NULL, NULL, NULL, NULL, NULL, NULL, 't', 0, NULL, NULL, NULL, NULL);
INSERT INTO "field_info" VALUES (91, '2020-05-28 21:07:54', 1, '2020-05-28 21:07:54', 1, NULL, NULL, NULL, 6, 'task_id', 3, 99, 't', NULL, NULL, NULL, NULL, NULL, NULL, NULL, '{"ja_jp": "次回タスク"}', 1, NULL, NULL, NULL, NULL, NULL, NULL, 't', 0, NULL, NULL, NULL, NULL);
INSERT INTO "field_info" VALUES (94, '2020-05-28 21:07:54', 1, '2020-05-28 21:07:54', 1, NULL, NULL, NULL, 6, 'product_trading_id', 9, 99, 'f', NULL, NULL, NULL, NULL, NULL, NULL, NULL, '{"ja_jp": "取引商品"}', 1, NULL, NULL, NULL, NULL, NULL, NULL, 't', 0, NULL, NULL, NULL, NULL);
INSERT INTO "field_info" VALUES (95, '2020-05-28 21:07:54', 1, '2020-05-28 21:07:54', 1, NULL, NULL, NULL, 6, 'memo', 10, 10, 'f', NULL, NULL, NULL, NULL, NULL, NULL, NULL, '{"ja_jp": "メモ"}', 1, NULL, NULL, NULL, NULL, NULL, NULL, 't', 0, NULL, NULL, NULL, NULL);
INSERT INTO "field_info" VALUES (96, '2020-05-28 21:07:54', 1, '2020-05-28 21:07:54', 1, NULL, NULL, NULL, 6, 'created_date', 11, 7, 't', NULL, NULL, NULL, NULL, NULL, NULL, NULL, '{"ja_jp": "登録日"}', 0, NULL, NULL, NULL, NULL, NULL, NULL, 't', 0, NULL, NULL, NULL, NULL);
INSERT INTO "field_info" VALUES (97, '2020-05-28 21:07:54', 1, '2020-05-28 21:07:54', 1, NULL, NULL, NULL, 6, 'created_user', 12, 99, 't', NULL, NULL, NULL, NULL, NULL, NULL, NULL, '{"ja_jp": "登録者"}', 0, NULL, NULL, NULL, NULL, NULL, NULL, 't', 0, NULL, NULL, NULL, NULL);
INSERT INTO "field_info" VALUES (98, '2020-05-28 21:07:54', 1, '2020-05-28 21:07:54', 1, NULL, NULL, NULL, 6, 'updated_date', 13, 7, 't', NULL, NULL, NULL, NULL, NULL, NULL, NULL, '{"ja_jp": "最終更新日"}', 0, NULL, NULL, NULL, NULL, NULL, NULL, 't', 0, NULL, NULL, NULL, NULL);
INSERT INTO "field_info" VALUES (99, '2020-05-28 21:07:54', 1, '2020-05-28 21:07:54', 1, NULL, NULL, NULL, 6, 'updated_user', 14, 99, 't', NULL, NULL, NULL, NULL, NULL, NULL, NULL, '{"ja_jp": "最終更新者"}', 0, NULL, NULL, NULL, NULL, NULL, NULL, 't', 0, NULL, NULL, NULL, NULL);
INSERT INTO "field_info" VALUES (100, '2020-05-28 21:07:54', 1, '2020-05-28 21:07:54', 1, NULL, NULL, NULL, 8, 'employee_icon', 1, 11, 'f', NULL, NULL, NULL, NULL, NULL, NULL, 100, '{"ja_jp": "社員アイコン"}', 1, 3, NULL, NULL, NULL, NULL, NULL, 't', 255, NULL, NULL, NULL, NULL);
INSERT INTO "field_info" VALUES (101, '2020-05-28 21:07:54', 1, '2020-05-28 21:07:54', 1, NULL, NULL, NULL, 8, 'employee_surname', 2, 9, 't', NULL, NULL, NULL, NULL, NULL, NULL, 100, '{"ja_jp": "名前（姓）"}', 3, 3, NULL, NULL, NULL, NULL, NULL, 't', 100, NULL, NULL, NULL, NULL);
INSERT INTO "field_info" VALUES (102, '2020-05-28 21:07:54', 1, '2020-05-28 21:07:54', 1, NULL, NULL, NULL, 8, 'employee_name', 3, 9, 't', NULL, NULL, NULL, NULL, NULL, NULL, 100, '{"ja_jp": "名前（名）"}', 1, 3, NULL, NULL, NULL, NULL, NULL, 't', 100, NULL, NULL, NULL, NULL);
INSERT INTO "field_info" VALUES (103, '2020-05-28 21:07:54', 1, '2020-05-28 21:07:54', 1, NULL, NULL, NULL, 8, 'employee_surname_kana', 4, 9, 't', NULL, NULL, NULL, NULL, NULL, NULL, 103, '{"ja_jp": "名前（かな）（姓）"}', 1, 3, NULL, NULL, NULL, NULL, NULL, 't', 100, NULL, NULL, NULL, NULL);
INSERT INTO "field_info" VALUES (104, '2020-05-28 21:07:54', 1, '2020-05-28 21:07:54', 1, NULL, NULL, NULL, 8, 'employee_name_kana', 5, 9, 't', NULL, NULL, NULL, NULL, NULL, NULL, 103, '{"ja_jp": "名前（かな）（名）"}', 1, 3, NULL, NULL, NULL, NULL, NULL, 't', 100, NULL, NULL, NULL, NULL);
INSERT INTO "field_info" VALUES (105, '2020-05-28 21:07:54', 1, '2020-05-28 21:07:54', 1, NULL, NULL, NULL, 8, 'employee_departments', 6, 99, 't', NULL, NULL, NULL, NULL, NULL, NULL, NULL, '{"ja_jp": "部署名"}', 3, 3, NULL, NULL, NULL, NULL, NULL, 't', 0, NULL, NULL, NULL, NULL);
INSERT INTO "field_info" VALUES (106, '2020-05-28 21:07:54', 1, '2020-05-28 21:07:54', 1, NULL, NULL, NULL, 8, 'employee_positions', 7, 99, 't', NULL, NULL, NULL, NULL, NULL, NULL, NULL, '{"ja_jp": "役職名"}', 1, 3, NULL, NULL, NULL, NULL, NULL, 't', 0, NULL, NULL, NULL, NULL);
INSERT INTO "field_info" VALUES (107, '2020-05-28 21:07:54', 1, '2020-05-28 21:07:54', 1, NULL, NULL, NULL, 8, 'email', 8, 15, 't', NULL, NULL, NULL, NULL, NULL, NULL, NULL, '{"ja_jp": "メールアドレス"}', 1, 3, NULL, NULL, NULL, NULL, NULL, 't', 50, NULL, NULL, NULL, NULL);
INSERT INTO "field_info" VALUES (108, '2020-05-28 21:07:54', 1, '2020-05-28 21:07:54', 1, NULL, NULL, NULL, 8, 'telephone_number', 9, 13, 't', NULL, NULL, NULL, NULL, NULL, NULL, NULL, '{"ja_jp": "電話番号"}', 1, 3, NULL, NULL, NULL, NULL, NULL, 't', 20, NULL, NULL, NULL, NULL);
INSERT INTO "field_info" VALUES (109, '2020-05-28 21:07:54', 1, '2020-05-28 21:07:54', 1, NULL, NULL, NULL, 8, 'cellphone_number', 10, 13, 't', NULL, NULL, NULL, NULL, NULL, NULL, NULL, '{"ja_jp": "携帯番号"}', 1, 3, NULL, NULL, NULL, NULL, NULL, 't', 20, NULL, NULL, NULL, NULL);
INSERT INTO "field_info" VALUES (110, '2020-05-28 21:07:54', 1, '2020-05-28 21:07:54', 1, NULL, NULL, NULL, 8, 'employee_managers', 11, 99, 't', NULL, NULL, NULL, NULL, NULL, NULL, NULL, '{"ja_jp": "マネージャー"}', 1, 3, NULL, NULL, NULL, NULL, NULL, 't', NULL, NULL, NULL, NULL, NULL);
INSERT INTO "field_info" VALUES (111, '2020-05-28 21:07:54', 1, '2020-05-28 21:07:54', 1, NULL, NULL, NULL, 8, 'employee_subordinates', 12, 99, 't', NULL, NULL, NULL, NULL, NULL, NULL, NULL, '{"ja_jp": "部下"}', 1, 3, NULL, NULL, NULL, NULL, NULL, 't', NULL, NULL, NULL, NULL, NULL);
INSERT INTO "field_info" VALUES (112, '2020-05-28 21:07:54', 1, '2020-05-28 21:07:54', 1, NULL, NULL, NULL, 8, 'user_id', 13, 9, 't', NULL, NULL, NULL, NULL, NULL, NULL, NULL, '{"ja_jp": "ユーザID"}', 3, 3, NULL, NULL, NULL, NULL, NULL, 't', 32, NULL, NULL, NULL, NULL);
INSERT INTO "field_info" VALUES (115, '2020-05-28 21:07:54', 1, '2020-05-28 21:07:54', 1, NULL, NULL, NULL, 8, 'language_id', 16, 1, 't', NULL, NULL, NULL, NULL, NULL, NULL, NULL, '{"ja_jp": "言語"}', 3, 3, NULL, NULL, NULL, NULL, NULL, 't', 0, NULL, NULL, NULL, NULL);
INSERT INTO "field_info" VALUES (116, '2020-05-28 21:07:54', 1, '2020-05-28 21:07:54', 1, NULL, NULL, NULL, 8, 'timezone_id', 17, 1, 't', NULL, NULL, NULL, NULL, NULL, NULL, NULL, '{"ja_jp": "タイムゾーン"}', 1, 3, NULL, NULL, NULL, NULL, NULL, 't', 0, NULL, NULL, NULL, NULL);
INSERT INTO "field_info" VALUES (117, '2020-05-28 21:07:54', 1, '2020-05-28 21:07:54', 1, NULL, NULL, NULL, 14, 'product_id', 1, 5, 't', NULL, NULL, NULL, NULL, NULL, NULL, NULL, '{"ja_jp": "商品コード"}', 0, 3, NULL, NULL, NULL, NULL, NULL, 't', 0, NULL, NULL, NULL, NULL);
INSERT INTO "field_info" VALUES (118, '2020-05-28 21:07:54', 1, '2020-05-28 21:07:54', 1, NULL, NULL, NULL, 14, 'product_image_name', 2, 11, 't', NULL, NULL, NULL, NULL, NULL, NULL, NULL, '{"ja_jp": "商品画像"}', 1, 3, NULL, NULL, NULL, NULL, NULL, 't', 100, NULL, NULL, NULL, NULL);
INSERT INTO "field_info" VALUES (119, '2020-05-28 21:07:54', 1, '2020-05-28 21:07:54', 1, NULL, NULL, NULL, 14, 'product_name', 3, 9, 't', NULL, NULL, NULL, NULL, NULL, NULL, NULL, '{"ja_jp": "商品名"}', 3, 3, NULL, NULL, NULL, NULL, NULL, 't', 255, NULL, NULL, NULL, NULL);
INSERT INTO "field_info" VALUES (120, '2020-05-28 21:07:54', 1, '2020-05-28 21:07:54', 1, NULL, NULL, NULL, 14, 'unit_price', 4, 5, 't', NULL, NULL, NULL, NULL, NULL, NULL, NULL, '{"ja_jp": "単価"}', 1, 3, NULL, '円', NULL, NULL, NULL, 't', 0, 1, NULL, NULL, NULL);
INSERT INTO "field_info" VALUES (121, '2020-05-28 21:07:54', 1, '2020-05-28 21:07:54', 1, NULL, NULL, NULL, 14, 'product_category_id', 5, 99, 't', NULL, NULL, NULL, NULL, NULL, NULL, NULL, '{"ja_jp": "カテゴリ名"}', 1, 3, NULL, NULL, NULL, NULL, NULL, 't', 255, NULL, NULL, NULL, NULL);
INSERT INTO "field_info" VALUES (122, '2020-05-28 21:07:54', 1, '2020-05-28 21:07:54', 1, NULL, NULL, NULL, 14, 'product_type_id', 6, 99, 't', NULL, NULL, NULL, NULL, NULL, NULL, NULL, '{"ja_jp": "商品タイプ"}', 1, 3, NULL, NULL, NULL, NULL, NULL, 't', 255, NULL, NULL, NULL, NULL);
INSERT INTO "field_info" VALUES (123, '2020-05-28 21:07:54', 1, '2020-05-28 21:07:54', 1, NULL, NULL, NULL, 14, 'memo', 7, 10, 't', NULL, NULL, NULL, NULL, NULL, NULL, NULL, '{"ja_jp": "メモ"}', 1, 3, NULL, NULL, NULL, NULL, NULL, 't', 500, NULL, NULL, NULL, NULL);
INSERT INTO "field_info" VALUES (124, '2020-05-28 21:07:54', 1, '2020-05-28 21:07:54', 1, NULL, NULL, NULL, 14, 'is_display', 8, 99, 't', NULL, NULL, NULL, NULL, NULL, NULL, NULL, '{"ja_jp": "使用フラグ"}', 1, 3, NULL, NULL, NULL, NULL, NULL, 't', 0, NULL, NULL, NULL, NULL);
INSERT INTO "field_info" VALUES (125, '2020-05-28 21:07:54', 1, '2020-05-28 21:07:54', 1, NULL, NULL, NULL, 14, 'created_date', 10, 7, 't', NULL, NULL, NULL, NULL, NULL, NULL, NULL, '{"ja_jp": "登録日"}', 0, 3, NULL, NULL, NULL, NULL, NULL, 't', 0, NULL, NULL, NULL, NULL);
INSERT INTO "field_info" VALUES (126, '2020-05-28 21:07:54', 1, '2020-05-28 21:07:54', 1, NULL, NULL, NULL, 14, 'created_user', 11, 99, 't', NULL, NULL, NULL, NULL, NULL, NULL, NULL, '{"ja_jp": "登録者"}', 0, 3, NULL, NULL, NULL, NULL, NULL, 't', 0, NULL, NULL, NULL, NULL);
INSERT INTO "field_info" VALUES (127, '2020-05-28 21:07:54', 1, '2020-05-28 21:07:54', 1, NULL, NULL, NULL, 14, 'updated_date', 12, 8, 't', NULL, NULL, NULL, NULL, NULL, NULL, NULL, '{"ja_jp": "最終更新日"}', 0, 3, NULL, NULL, NULL, NULL, NULL, 't', 0, NULL, NULL, NULL, NULL);
INSERT INTO "field_info" VALUES (128, '2020-05-28 21:07:54', 1, '2020-05-28 21:07:54', 1, NULL, NULL, NULL, 14, 'updated_user', 13, 99, 't', NULL, NULL, NULL, NULL, NULL, NULL, NULL, '{"ja_jp": "最終更新者"}', 0, 3, NULL, NULL, NULL, NULL, NULL, 't', 0, NULL, NULL, NULL, NULL);
INSERT INTO "field_info" VALUES (129, '2020-05-28 21:07:54', 1, '2020-05-28 21:07:54', 1, NULL, NULL, NULL, 14, 'product_relation_id', 9, 99, 't', NULL, NULL, NULL, NULL, NULL, NULL, NULL, '{"ja_jp": "商品内訳"}', 1, 3, NULL, NULL, NULL, NULL, NULL, 't', 0, NULL, NULL, NULL, NULL);
INSERT INTO "field_info" VALUES (130, '2020-05-28 21:07:54', 1, '2020-05-28 21:07:54', 1, NULL, NULL, NULL, 1401, 'quantity', 0, 5, 'f', NULL, NULL, NULL, NULL, NULL, NULL, NULL, '{"ja_jp": "数量"}', 1, 3, NULL, NULL, NULL, NULL, NULL, 't', 0, NULL, NULL, NULL, NULL);
INSERT INTO "field_info" VALUES (131, '2020-05-28 21:07:54', 1, '2020-05-28 21:07:54', 1, NULL, NULL, NULL, 1401, 'unit_price', 0, 5, 'f', NULL, NULL, NULL, NULL, NULL, NULL, NULL, '{"ja_jp": "金額"}', 0, 3, NULL, '円', NULL, NULL, NULL, 't', 0, 1, NULL, NULL, NULL);
INSERT INTO "field_info" VALUES (132, '2020-05-28 21:07:54', 1, '2020-05-28 21:07:54', 1, NULL, NULL, NULL, 15, 'task_name', 2, 9, 't', NULL, NULL, NULL, NULL, NULL, NULL, NULL, '{"ja_jp": "タスク名"}', 3, 3, NULL, NULL, NULL, NULL, NULL, 't', 255, NULL, NULL, NULL, NULL);
INSERT INTO "field_info" VALUES (133, '2020-05-28 21:07:54', 1, '2020-05-28 21:07:54', 1, NULL, NULL, NULL, 15, 'memo', 3, 10, 't', NULL, NULL, NULL, NULL, NULL, NULL, NULL, '{"ja_jp": "メモ"}', 1, 3, NULL, NULL, NULL, NULL, NULL, 't', 0, NULL, NULL, NULL, NULL);
INSERT INTO "field_info" VALUES (134, '2020-05-28 21:07:54', 1, '2020-05-28 21:07:54', 1, NULL, NULL, NULL, 15, 'operator_id', 4, 18, 't', NULL, NULL, NULL, NULL, NULL, NULL, NULL, '{"ja_jp": "担当者"}', 3, 3, NULL, NULL, NULL, NULL, NULL, 't', 0, NULL, NULL, NULL, NULL);
INSERT INTO "field_info" VALUES (135, '2020-05-28 21:07:54', 1, '2020-05-28 21:07:54', 1, NULL, NULL, NULL, 15, 'start_date', 5, 6, 't', NULL, NULL, NULL, NULL, NULL, NULL, NULL, '{"ja_jp": "開始日"}', 1, 3, NULL, NULL, NULL, NULL, NULL, 't', 0, NULL, NULL, NULL, NULL);
INSERT INTO "field_info" VALUES (136, '2020-05-28 21:07:54', 1, '2020-05-28 21:07:54', 1, NULL, NULL, NULL, 15, 'finish_date', 6, 6, 't', NULL, NULL, NULL, NULL, NULL, NULL, NULL, '{"ja_jp": "完了予定日"}', 3, 3, NULL, NULL, NULL, NULL, NULL, 't', 0, NULL, NULL, NULL, NULL);
INSERT INTO "field_info" VALUES (137, '2020-05-28 21:07:54', 1, '2020-05-28 21:07:54', 1, NULL, NULL, NULL, 15, 'customer_name', 8, 99, 't', NULL, NULL, NULL, NULL, NULL, NULL, NULL, '{"ja_jp": "顧客名"}', 1, 3, NULL, NULL, NULL, NULL, '{"format": 1, "field_id": "52", "display_field_id": "52", "extension_belong": 5}', NULL, NULL, NULL, NULL, NULL, NULL);
INSERT INTO "field_info" VALUES (138, '2020-05-28 21:07:54', 1, '2020-05-28 21:07:54', 1, NULL, NULL, NULL, 1501, 'customer_id', 3, 99, 't', NULL, NULL, NULL, NULL, NULL, NULL, NULL, '{"ja_jp": "顧客名"}', 1, 3, NULL, NULL, NULL, NULL, NULL, 't', NULL, NULL, NULL, NULL, NULL);
INSERT INTO "field_info" VALUES (139, '2020-05-28 21:07:54', 1, '2020-05-28 21:07:54', 1, NULL, NULL, NULL, 1501, 'is_public', 4, 3, 't', NULL, NULL, NULL, NULL, NULL, NULL, NULL, '{"ja_jp": "公開設定"}', 1, 3, NULL, NULL, NULL, NULL, NULL, 't', NULL, NULL, NULL, NULL, NULL);
INSERT INTO "field_info" VALUES (140, '2020-05-28 21:07:54', 1, '2020-05-28 21:07:54', 1, NULL, NULL, NULL, 15, 'product_name', 11, 99, 't', NULL, NULL, NULL, NULL, NULL, NULL, NULL, '{"ja_jp": "取引商品"}', 1, 3, NULL, NULL, NULL, NULL, '{"format": 2, "field_id": "119", "display_tab": 2, "display_fields": ["119"], "display_field_id": "119", "extension_belong": 14}', NULL, NULL, NULL, NULL, NULL, NULL);
INSERT INTO "field_info" VALUES (141, '2020-05-28 21:07:54', 1, '2020-05-28 21:07:54', 1, NULL, NULL, NULL, 15, 'milestone_name', 9, 17, 't', NULL, NULL, NULL, NULL, NULL, NULL, NULL, '{"ja_jp": "マイルストーン"}', 1, 3, NULL, NULL, NULL, NULL, '{"format": 1, "field_id": "187", "display_field_id": "162", "extension_belong": 1501}', 't', 255, NULL, NULL, NULL, NULL);
INSERT INTO "field_info" VALUES (142, '2020-05-28 21:07:54', 1, '2020-05-28 21:07:54', 1, NULL, NULL, NULL, 15, 'file_name', 12, 11, 't', NULL, NULL, NULL, NULL, NULL, NULL, NULL, '{"ja_jp": "ファイル添付"}', 1, 3, NULL, NULL, NULL, NULL, NULL, 't', 255, NULL, NULL, NULL, NULL);
INSERT INTO "field_info" VALUES (143, '2020-05-28 21:07:54', 1, '2020-05-28 21:07:54', 1, NULL, NULL, NULL, 15, 'status', 13, 1, 't', NULL, NULL, NULL, NULL, NULL, NULL, NULL, '{"ja_jp": "ステータス"}', 3, 3, NULL, NULL, NULL, NULL, NULL, 't', 1, NULL, NULL, NULL, NULL);
INSERT INTO "field_info" VALUES (144, '2020-05-28 21:07:54', 1, '2020-05-28 21:07:54', 1, NULL, NULL, NULL, 15, 'is_public', 14, 3, 't', NULL, NULL, NULL, NULL, NULL, NULL, NULL, '{"ja_jp": "公開設定"}', 1, 3, NULL, NULL, NULL, NULL, NULL, 't', 0, NULL, NULL, NULL, NULL);
INSERT INTO "field_info" VALUES (145, '2020-05-28 21:07:54', 1, '2020-05-28 21:07:54', 1, NULL, NULL, NULL, 15, 'parent_id', 15, 99, 't', NULL, NULL, NULL, NULL, NULL, NULL, NULL, '{"ja_jp": "サブタスク"}', 1, 3, NULL, NULL, NULL, NULL, NULL, 't', 0, NULL, NULL, NULL, NULL);
INSERT INTO "field_info" VALUES (146, '2020-05-28 21:07:54', 1, '2020-05-28 21:07:54', 1, NULL, NULL, NULL, 15, 'created_date', 16, 7, 't', NULL, NULL, NULL, NULL, NULL, NULL, NULL, '{"ja_jp": "登録日"}', 0, 1, NULL, NULL, NULL, NULL, NULL, 't', 0, NULL, NULL, NULL, NULL);
INSERT INTO "field_info" VALUES (147, '2020-05-28 21:07:54', 1, '2020-05-28 21:07:54', 1, NULL, NULL, NULL, 15, 'created_user', 17, 99, 't', NULL, NULL, NULL, NULL, NULL, NULL, NULL, '{"ja_jp": "登録者"}', 0, 1, NULL, NULL, NULL, NULL, NULL, 't', 0, NULL, NULL, NULL, NULL);
INSERT INTO "field_info" VALUES (148, '2020-05-28 21:07:54', 1, '2020-05-28 21:07:54', 1, NULL, NULL, NULL, 15, 'updated_date', 18, 7, 't', NULL, NULL, NULL, NULL, NULL, NULL, NULL, '{"ja_jp": "最終更新日"}', 0, 1, NULL, NULL, NULL, NULL, NULL, 't', 0, NULL, NULL, NULL, NULL);
INSERT INTO "field_info" VALUES (149, '2020-05-28 21:07:54', 1, '2020-05-28 21:07:54', 1, NULL, NULL, NULL, 15, 'updated_user', 19, 99, 't', NULL, NULL, NULL, NULL, NULL, NULL, NULL, '{"ja_jp": "最終更新者"}', 0, 1, NULL, NULL, NULL, NULL, NULL, 't', 0, NULL, NULL, NULL, NULL);
INSERT INTO "field_info" VALUES (150, '2020-05-28 21:07:54', 1, '2020-05-28 21:07:54', 1, NULL, NULL, NULL, 1502, 'task_name', 1, 9, 't', NULL, NULL, NULL, NULL, NULL, NULL, NULL, '{"ja_jp": "サブタスク名"}', 3, 3, NULL, NULL, NULL, NULL, NULL, 't', 0, NULL, NULL, NULL, NULL);
INSERT INTO "field_info" VALUES (151, '2020-05-28 21:07:54', 1, '2020-05-28 21:07:54', 1, NULL, NULL, NULL, 1502, 'memo', 4, 10, 't', NULL, NULL, NULL, NULL, NULL, NULL, NULL, '{"ja_jp": "メモ"}', 1, 3, NULL, NULL, NULL, NULL, NULL, 't', 0, NULL, NULL, NULL, NULL);
INSERT INTO "field_info" VALUES (152, '2020-05-28 21:07:54', 1, '2020-05-28 21:07:54', 1, NULL, NULL, NULL, 1502, 'operator_id', 5, 18, 't', NULL, NULL, NULL, NULL, NULL, NULL, NULL, '{"ja_jp": "担当者"}', 3, 3, NULL, NULL, NULL, NULL, NULL, 't', 0, NULL, NULL, NULL, NULL);
INSERT INTO "field_info" VALUES (153, '2020-05-28 21:07:54', 1, '2020-05-28 21:07:54', 1, NULL, NULL, NULL, 1502, 'start_date', 6, 6, 't', NULL, NULL, NULL, NULL, NULL, NULL, NULL, '{"ja_jp": "開始日"}', 1, 3, NULL, NULL, NULL, NULL, NULL, 't', 0, NULL, NULL, NULL, NULL);
INSERT INTO "field_info" VALUES (154, '2020-05-28 21:07:54', 1, '2020-05-28 21:07:54', 1, NULL, NULL, NULL, 1502, 'finish_date', 7, 6, 't', NULL, NULL, NULL, NULL, NULL, NULL, NULL, '{"ja_jp": "完了予定日"}', 1, 3, NULL, NULL, NULL, NULL, NULL, 't', 0, NULL, NULL, NULL, NULL);
INSERT INTO "field_info" VALUES (155, '2020-05-28 21:07:54', 1, '2020-05-28 21:07:54', 1, NULL, NULL, NULL, 1502, 'file_name', 8, 11, 't', NULL, NULL, NULL, NULL, NULL, NULL, NULL, '{"ja_jp": "ファイル添付"}', 1, 3, NULL, NULL, NULL, NULL, NULL, 't', 0, NULL, NULL, NULL, NULL);
INSERT INTO "field_info" VALUES (156, '2020-05-28 21:07:54', 1, '2020-05-28 21:07:54', 1, NULL, NULL, NULL, 1502, 'status', 9, 1, 't', NULL, NULL, NULL, NULL, NULL, NULL, NULL, '{"ja_jp": "ステータス"}', 1, 3, NULL, NULL, NULL, NULL, NULL, 't', 0, NULL, NULL, NULL, NULL);
INSERT INTO "field_info" VALUES (157, '2020-05-28 21:07:54', 1, '2020-05-28 21:07:54', 1, NULL, NULL, NULL, 1502, 'is_public', 10, 3, 't', NULL, NULL, NULL, NULL, NULL, NULL, NULL, '{"ja_jp": "公開設定"}', 1, 3, NULL, NULL, NULL, NULL, NULL, 't', 0, NULL, NULL, NULL, NULL);
INSERT INTO "field_info" VALUES (158, '2020-05-28 21:07:54', 1, '2020-05-28 21:07:54', 1, NULL, NULL, NULL, 1502, 'created_date', 7, 7, 't', NULL, NULL, NULL, NULL, NULL, NULL, NULL, '{"ja_jp": "登録日"}', 0, 1, NULL, NULL, NULL, NULL, NULL, 't', 0, NULL, NULL, NULL, NULL);
INSERT INTO "field_info" VALUES (159, '2020-05-28 21:07:54', 1, '2020-05-28 21:07:54', 1, NULL, NULL, NULL, 1502, 'created_user', 10, 99, 't', NULL, NULL, NULL, NULL, NULL, NULL, NULL, '{"ja_jp": "登録者"}', 0, 1, NULL, NULL, NULL, NULL, NULL, 't', 0, NULL, NULL, NULL, NULL);
INSERT INTO "field_info" VALUES (160, '2020-05-28 21:07:54', 1, '2020-05-28 21:07:54', 1, NULL, NULL, NULL, 1502, 'updated_date', 11, 7, 't', NULL, NULL, NULL, NULL, NULL, NULL, NULL, '{"ja_jp": "最終更新日"}', 0, 1, NULL, NULL, NULL, NULL, NULL, 't', 0, NULL, NULL, NULL, NULL);
INSERT INTO "field_info" VALUES (161, '2020-05-28 21:07:54', 1, '2020-05-28 21:07:54', 1, NULL, NULL, NULL, 1502, 'updated_user', 1, 99, 't', NULL, NULL, NULL, NULL, NULL, NULL, NULL, '{"ja_jp": "最終更新者"}', 0, 1, NULL, NULL, NULL, NULL, NULL, 't', 0, NULL, NULL, NULL, NULL);
INSERT INTO "field_info" VALUES (162, '2020-05-28 21:07:54', 1, '2020-05-28 21:07:54', 1, NULL, NULL, NULL, 1501, 'milestone_name', 2, 9, 't', NULL, NULL, NULL, NULL, NULL, NULL, NULL, '{"ja_jp": "マイルストーン名"}', 3, 3, NULL, NULL, NULL, NULL, NULL, 't', 0, NULL, NULL, NULL, NULL);
INSERT INTO "field_info" VALUES (163, '2020-05-28 21:07:54', 1, '2020-05-28 21:07:54', 1, NULL, NULL, NULL, 1501, 'finish_date', 5, 6, 't', NULL, NULL, NULL, NULL, NULL, NULL, NULL, '{"ja_jp": "完了予定日"}', 1, 3, NULL, NULL, NULL, NULL, NULL, 't', 0, NULL, NULL, NULL, NULL);
INSERT INTO "field_info" VALUES (164, '2020-05-28 21:07:54', 1, '2020-05-28 21:07:54', 1, NULL, NULL, NULL, 1501, 'is_done', 6, 3, 't', NULL, NULL, NULL, NULL, NULL, NULL, NULL, '{"ja_jp": "完了設定"}', 1, 3, NULL, NULL, NULL, NULL, NULL, 't', 0, NULL, NULL, NULL, NULL);
INSERT INTO "field_info" VALUES (165, '2020-05-28 21:07:54', 1, '2020-05-28 21:07:54', 1, NULL, NULL, NULL, 1501, 'memo', 7, 10, 't', NULL, NULL, NULL, NULL, NULL, NULL, NULL, '{"ja_jp": "メモ"}', 1, 3, NULL, NULL, NULL, NULL, NULL, 't', 0, NULL, NULL, NULL, NULL);
INSERT INTO "field_info" VALUES (166, '2020-05-28 21:07:54', 1, '2020-05-28 21:07:54', 1, NULL, NULL, NULL, 1501, 'created_date', 8, 7, 't', NULL, NULL, NULL, NULL, NULL, NULL, NULL, '{"ja_jp": "登録日"}', 0, 1, NULL, NULL, NULL, NULL, NULL, 't', 0, NULL, NULL, NULL, NULL);
INSERT INTO "field_info" VALUES (167, '2020-05-28 21:07:54', 1, '2020-05-28 21:07:54', 1, NULL, NULL, NULL, 1501, 'created_user', 9, 99, 't', NULL, NULL, NULL, NULL, NULL, NULL, NULL, '{"ja_jp": "登録者"}', 0, 1, NULL, NULL, NULL, NULL, NULL, 't', 0, NULL, NULL, NULL, NULL);
INSERT INTO "field_info" VALUES (168, '2020-05-28 21:07:54', 1, '2020-05-28 21:07:54', 1, NULL, NULL, NULL, 1501, 'updated_date', 10, 7, 't', NULL, NULL, NULL, NULL, NULL, NULL, NULL, '{"ja_jp": "最終更新日"}', 0, 1, NULL, NULL, NULL, NULL, NULL, 't', 0, NULL, NULL, NULL, NULL);
INSERT INTO "field_info" VALUES (169, '2020-05-28 21:07:54', 1, '2020-05-28 21:07:54', 1, NULL, NULL, NULL, 1501, 'updated_user', 11, 99, 't', NULL, NULL, NULL, NULL, NULL, NULL, NULL, '{"ja_jp": "最終更新者"}', 0, 1, NULL, NULL, NULL, NULL, NULL, 't', 0, NULL, NULL, NULL, NULL);
INSERT INTO "field_info" VALUES (170, '2020-05-28 21:07:54', 1, '2020-05-28 21:07:54', 1, NULL, NULL, NULL, 16, 'product_trading_id', 1, 5, 'f', NULL, NULL, NULL, NULL, NULL, NULL, NULL, '{"ja_jp": "取引商品コード"}', 0, NULL, NULL, NULL, NULL, NULL, NULL, 't', 0, NULL, NULL, NULL, NULL);
INSERT INTO "field_info" VALUES (171, '2020-05-28 21:07:54', 1, '2020-05-28 21:07:54', 1, NULL, NULL, NULL, 16, 'customer_id', 2, 9, 'f', NULL, NULL, NULL, NULL, NULL, NULL, NULL, '{"ja_jp": "顧客名"}', 0, NULL, NULL, NULL, NULL, NULL, NULL, 't', 0, NULL, NULL, NULL, NULL);
INSERT INTO "field_info" VALUES (172, '2020-05-28 21:07:54', 1, '2020-05-28 21:07:54', 1, NULL, NULL, NULL, 16, 'product_id', 3, 9, 'f', NULL, NULL, NULL, NULL, NULL, NULL, NULL, '{"ja_jp": "商品名"}', 0, NULL, NULL, NULL, NULL, NULL, NULL, 't', 0, NULL, NULL, NULL, NULL);
INSERT INTO "field_info" VALUES (173, '2020-05-28 21:07:54', 1, '2020-05-28 21:07:54', 1, NULL, NULL, NULL, 16, 'quantity', 4, 5, 'f', NULL, NULL, NULL, NULL, NULL, NULL, NULL, '{"ja_jp": "数量"}', 1, NULL, NULL, NULL, NULL, NULL, NULL, 't', 0, NULL, NULL, NULL, NULL);
INSERT INTO "field_info" VALUES (174, '2020-05-28 21:07:54', 1, '2020-05-28 21:07:54', 1, NULL, NULL, NULL, 16, 'price', 5, 5, 'f', NULL, NULL, NULL, NULL, NULL, NULL, NULL, '{"ja_jp": "単価"}', 1, NULL, NULL, NULL, NULL, NULL, NULL, 't', 0, NULL, NULL, NULL, NULL);
INSERT INTO "field_info" VALUES (175, '2020-05-28 21:07:54', 1, '2020-05-28 21:07:54', 1, NULL, NULL, NULL, 16, 'amount', 6, 5, 'f', NULL, NULL, NULL, NULL, NULL, NULL, NULL, '{"ja_jp": "金額"}', 1, NULL, NULL, NULL, NULL, NULL, NULL, 't', 0, NULL, NULL, NULL, NULL);
INSERT INTO "field_info" VALUES (176, '2020-05-28 21:07:54', 1, '2020-05-28 21:07:54', 1, NULL, NULL, NULL, 16, 'product_trading_progress_id', 7, 1, 'f', NULL, NULL, NULL, NULL, NULL, NULL, NULL, '{"ja_jp": "進捗状況"}', 1, NULL, NULL, NULL, NULL, NULL, NULL, 't', 0, NULL, NULL, NULL, NULL);
INSERT INTO "field_info" VALUES (177, '2020-05-28 21:07:54', 1, '2020-05-28 21:07:54', 1, NULL, NULL, NULL, 16, 'order_plan_date', 8, 6, 'f', NULL, NULL, NULL, NULL, NULL, NULL, NULL, '{"ja_jp": "受注予定日"}', 1, NULL, NULL, NULL, NULL, NULL, NULL, 't', 0, NULL, NULL, NULL, NULL);
INSERT INTO "field_info" VALUES (178, '2020-05-28 21:07:54', 1, '2020-05-28 21:07:54', 1, NULL, NULL, NULL, 16, 'end_plan_date', 9, 6, 'f', NULL, NULL, NULL, NULL, NULL, NULL, NULL, '{"ja_jp": "完了予定日"}', 1, NULL, NULL, NULL, NULL, NULL, NULL, 't', 0, NULL, NULL, NULL, NULL);
INSERT INTO "field_info" VALUES (179, '2020-05-28 21:07:54', 1, '2020-05-28 21:07:54', 1, NULL, NULL, NULL, 16, 'memo', 10, 10, 'f', NULL, NULL, NULL, NULL, NULL, NULL, NULL, '{"ja_jp": "メモ"}', 1, NULL, NULL, NULL, NULL, NULL, NULL, 't', 0, NULL, NULL, NULL, NULL);
INSERT INTO "field_info" VALUES (180, '2020-05-28 21:07:54', 1, '2020-05-28 21:07:54', 1, NULL, NULL, NULL, 16, 'employee_id', 11, 18, 'f', NULL, NULL, NULL, NULL, NULL, NULL, NULL, '{"ja_jp": "担当者"}', 1, NULL, NULL, NULL, NULL, NULL, NULL, 't', 0, NULL, NULL, NULL, NULL);
INSERT INTO "field_info" VALUES (181, '2020-05-28 21:07:54', 1, '2020-05-28 21:07:54', 1, NULL, NULL, NULL, 16, 'created_date', 12, 7, 'f', NULL, NULL, NULL, NULL, NULL, NULL, NULL, '{"ja_jp": "登録日"}', 0, NULL, NULL, NULL, NULL, NULL, NULL, 't', 0, NULL, NULL, NULL, NULL);
INSERT INTO "field_info" VALUES (182, '2020-05-28 21:07:54', 1, '2020-05-28 21:07:54', 1, NULL, NULL, NULL, 16, 'created_user', 13, 99, 'f', NULL, NULL, NULL, NULL, NULL, NULL, NULL, '{"ja_jp": "登録者"}', 0, NULL, NULL, NULL, NULL, NULL, NULL, 't', 0, NULL, NULL, NULL, NULL);
INSERT INTO "field_info" VALUES (183, '2020-05-28 21:07:54', 1, '2020-05-28 21:07:54', 1, NULL, NULL, NULL, 16, 'updated_date', 14, 7, 'f', NULL, NULL, NULL, NULL, NULL, NULL, NULL, '{"ja_jp": "最終更新日"}', 0, NULL, NULL, NULL, NULL, NULL, NULL, 't', 0, NULL, NULL, NULL, NULL);
INSERT INTO "field_info" VALUES (184, '2020-05-28 21:07:54', 1, '2020-05-28 21:07:54', 1, NULL, NULL, NULL, 16, 'updated_user', 15, 99, 'f', NULL, NULL, NULL, NULL, NULL, NULL, NULL, '{"ja_jp": "最終更新者"}', 0, NULL, NULL, NULL, NULL, NULL, NULL, 't', 0, NULL, NULL, NULL, NULL);
INSERT INTO "field_info" VALUES (185, '2020-05-28 21:07:54', 1, '2020-05-28 21:07:54', 1, NULL, NULL, NULL, 15, 'customer_id', 7, 99, 'f', NULL, NULL, NULL, NULL, NULL, NULL, NULL, '{"ja_jp": "顧客コード"}', 0, 3, NULL, NULL, NULL, NULL, '{"format": 1, "field_id": "50", "display_field_id": "50", "extension_belong": 5}', 't', 0, NULL, NULL, NULL, NULL);
INSERT INTO "field_info" VALUES (186, '2020-05-28 21:07:54', 1, '2020-05-28 21:07:54', 1, NULL, NULL, NULL, 15, 'products_tradings_id', 10, 99, 'f', NULL, NULL, NULL, NULL, NULL, NULL, NULL, '{"ja_jp": "取引商品コード"}', 0, 3, NULL, NULL, NULL, NULL, '{"format": 2, "field_id": "170", "display_tab": 2, "display_fields": ["170"], "display_field_id": "170", "extension_belong": 16}', 't', 0, NULL, NULL, NULL, NULL);
INSERT INTO "field_info" VALUES (187, '2020-05-28 21:07:54', 1, '2020-05-28 21:07:54', 1, NULL, NULL, NULL, 1501, 'milestone_id', 1, 5, 'f', NULL, NULL, NULL, NULL, NULL, NULL, NULL, '{"ja_jp": "マイルストーンコード"}', 0, 3, NULL, NULL, NULL, NULL, NULL, 't', NULL, NULL, NULL, NULL, NULL);
INSERT INTO "field_info" VALUES (188, '2020-05-28 21:07:54', 1, '2020-05-28 21:07:54', 1, NULL, NULL, NULL, 15, 'task_id', 1, 5, 'f', NULL, NULL, NULL, NULL, NULL, NULL, NULL, '{"ja_jp": "タスクコード"}', 0, 3, NULL, NULL, NULL, NULL, NULL, 't', NULL, NULL, NULL, NULL, NULL);
INSERT INTO "field_info" VALUES (189, '2020-05-28 21:07:54', 1, '2020-05-28 21:07:54', 1, NULL, NULL, NULL, 15, 'milestone_id', 20, 17, 'f', NULL, NULL, NULL, NULL, NULL, NULL, NULL, '{"ja_jp": "マイルストーンコード"}', 0, 3, NULL, NULL, NULL, NULL, '{"format": 1, "field_id": "187", "display_field_id": "187", "extension_belong": 1501}', 't', NULL, NULL, NULL, NULL, NULL);
INSERT INTO "field_info" VALUES (190, '2020-05-28 21:07:54', 1, '2020-05-28 21:07:54', 1, NULL, NULL, NULL, 801, 'department_name', 1, 9, 'f', NULL, NULL, NULL, NULL, NULL, NULL, NULL, '{"ja_jp": "部署名"}', 0, 3, NULL, NULL, NULL, NULL, NULL, 't', 0, NULL, NULL, NULL, NULL);
INSERT INTO "field_info" VALUES (191, '2020-05-28 21:07:54', 1, '2020-05-28 21:07:54', 1, NULL, NULL, NULL, 801, 'parent_id', 2, 99, 'f', NULL, NULL, NULL, NULL, NULL, NULL, NULL, '{"ja_jp": "親部署"}', 0, 3, NULL, NULL, NULL, NULL, NULL, 't', 0, NULL, NULL, NULL, NULL);
INSERT INTO "field_info" VALUES (192, '2020-05-28 21:07:54', 1, '2020-05-28 21:07:54', 1, NULL, NULL, NULL, 801, 'manager_id', 3, 18, 'f', NULL, NULL, NULL, NULL, NULL, NULL, NULL, '{"ja_jp": "部署管理者"}', 0, 3, NULL, NULL, NULL, NULL, NULL, 't', 0, NULL, NULL, NULL, NULL);
INSERT INTO "field_info" VALUES (193, '2020-05-28 21:07:54', 1, '2020-05-28 21:07:54', 1, NULL, NULL, NULL, 8, 'is_admin', 18, 1, 't', NULL, NULL, NULL, NULL, NULL, NULL, NULL, '{"ja_jp": "管理"}', 1, 3, NULL, NULL, NULL, NULL, NULL, 't', 0, NULL, NULL, NULL, NULL);

-- ----------------------------
-- Table structure for field_info_item
-- ----------------------------
DROP TABLE IF EXISTS "field_info_item";
CREATE TABLE "field_info_item" (
  "item_id" int8 NOT NULL,
  "created_date" timestamp(6) NOT NULL,
  "created_user" int8 NOT NULL,
  "updated_date" timestamp(6) NOT NULL,
  "updated_user" int8 NOT NULL,
  "field_id" int8 NOT NULL,
  "is_available" bool,
  "is_default" bool,
  "item_order" int4,
  "item_label" jsonb NOT NULL
)
;

-- ----------------------------
-- Records of field_info_item
-- ----------------------------

-- ----------------------------
-- Table structure for field_info_personal
-- ----------------------------
DROP TABLE IF EXISTS "field_info_personal";
CREATE TABLE "field_info_personal" (
  "field_info_personal_id" int8 NOT NULL,
  "created_date" timestamp(6) NOT NULL,
  "created_user" int8 NOT NULL,
  "updated_date" timestamp(6) NOT NULL,
  "updated_user" int8 NOT NULL,
  "column_width" int4,
  "employee_id" int8 NOT NULL,
  "extension_belong" int4 NOT NULL,
  "field_id" int8 NOT NULL,
  "field_order" int4,
  "is_column_fixed" bool,
  "field_belong" int4 NOT NULL,
  "relation_field_id" int8
)
;

-- ----------------------------
-- Records of field_info_personal
-- ----------------------------
INSERT INTO "field_info_personal" VALUES (1, '2020-05-28 21:07:54', 1, '2020-05-28 21:07:54', 1, NULL, 0, 1, 22, 1, 'f', 4, NULL);
INSERT INTO "field_info_personal" VALUES (2, '2020-05-28 21:07:54', 1, '2020-05-28 21:07:54', 1, NULL, 0, 1, 23, 2, 'f', 4, NULL);
INSERT INTO "field_info_personal" VALUES (3, '2020-05-28 21:07:54', 1, '2020-05-28 21:07:54', 1, NULL, 0, 1, 24, 3, 'f', 4, NULL);
INSERT INTO "field_info_personal" VALUES (4, '2020-05-28 21:07:54', 1, '2020-05-28 21:07:54', 1, NULL, 0, 1, 25, 4, 'f', 4, NULL);
INSERT INTO "field_info_personal" VALUES (5, '2020-05-28 21:07:54', 1, '2020-05-28 21:07:54', 1, NULL, 0, 1, 26, 5, 'f', 4, NULL);
INSERT INTO "field_info_personal" VALUES (6, '2020-05-28 21:07:54', 1, '2020-05-28 21:07:54', 1, NULL, 0, 1, 27, 6, 'f', 4, NULL);
INSERT INTO "field_info_personal" VALUES (7, '2020-05-28 21:07:54', 1, '2020-05-28 21:07:54', 1, NULL, 0, 1, 28, 7, 'f', 4, NULL);
INSERT INTO "field_info_personal" VALUES (8, '2020-05-28 21:07:54', 1, '2020-05-28 21:07:54', 1, NULL, 0, 1, 29, 9, 'f', 4, NULL);
INSERT INTO "field_info_personal" VALUES (9, '2020-05-28 21:07:54', 1, '2020-05-28 21:07:54', 1, NULL, 0, 1, 30, 8, 'f', 4, NULL);
INSERT INTO "field_info_personal" VALUES (10, '2020-05-28 21:07:54', 1, '2020-05-28 21:07:54', 1, NULL, 0, 1, 31, 10, 'f', 4, NULL);
INSERT INTO "field_info_personal" VALUES (11, '2020-05-28 21:07:54', 1, '2020-05-28 21:07:54', 1, NULL, 0, 1, 32, 11, 'f', 4, NULL);
INSERT INTO "field_info_personal" VALUES (13, '2020-05-28 21:07:54', 1, '2020-05-28 21:07:54', 1, NULL, 0, 1, 34, 13, 'f', 4, NULL);
INSERT INTO "field_info_personal" VALUES (14, '2020-05-28 21:07:54', 1, '2020-05-28 21:07:54', 1, NULL, 0, 1, 35, 14, 'f', 4, NULL);
INSERT INTO "field_info_personal" VALUES (15, '2020-05-28 21:07:54', 1, '2020-05-28 21:07:54', 1, NULL, 0, 1, 36, 15, 'f', 4, NULL);
INSERT INTO "field_info_personal" VALUES (16, '2020-05-28 21:07:54', 1, '2020-05-28 21:07:54', 1, NULL, 0, 1, 37, 16, 'f', 4, NULL);
INSERT INTO "field_info_personal" VALUES (17, '2020-05-28 21:07:54', 1, '2020-05-28 21:07:54', 1, NULL, 0, 1, 38, 29, 'f', 4, NULL);
INSERT INTO "field_info_personal" VALUES (18, '2020-05-28 21:07:54', 1, '2020-05-28 21:07:54', 1, NULL, 0, 1, 39, 18, 'f', 4, NULL);
INSERT INTO "field_info_personal" VALUES (19, '2020-05-28 21:07:54', 1, '2020-05-28 21:07:54', 1, NULL, 0, 1, 40, 19, 'f', 4, NULL);
INSERT INTO "field_info_personal" VALUES (20, '2020-05-28 21:07:54', 1, '2020-05-28 21:07:54', 1, NULL, 0, 1, 41, 21, 'f', 4, NULL);
INSERT INTO "field_info_personal" VALUES (21, '2020-05-28 21:07:54', 1, '2020-05-28 21:07:54', 1, NULL, 0, 1, 42, 20, 'f', 4, NULL);
INSERT INTO "field_info_personal" VALUES (22, '2020-05-28 21:07:54', 1, '2020-05-28 21:07:54', 1, NULL, 0, 1, 43, 22, 'f', 4, NULL);
INSERT INTO "field_info_personal" VALUES (23, '2020-05-28 21:07:54', 1, '2020-05-28 21:07:54', 1, NULL, 0, 1, 44, 29, 'f', 4, NULL);
INSERT INTO "field_info_personal" VALUES (24, '2020-05-28 21:07:54', 1, '2020-05-28 21:07:54', 1, NULL, 0, 1, 45, 24, 'f', 4, NULL);
INSERT INTO "field_info_personal" VALUES (25, '2020-05-28 21:07:54', 1, '2020-05-28 21:07:54', 1, NULL, 0, 1, 46, 25, 'f', 4, NULL);
INSERT INTO "field_info_personal" VALUES (26, '2020-05-28 21:07:54', 1, '2020-05-28 21:07:54', 1, NULL, 0, 1, 47, 26, 'f', 4, NULL);
INSERT INTO "field_info_personal" VALUES (27, '2020-05-28 21:07:54', 1, '2020-05-28 21:07:54', 1, NULL, 0, 1, 48, 27, 'f', 4, NULL);
INSERT INTO "field_info_personal" VALUES (28, '2020-05-28 21:07:54', 1, '2020-05-28 21:07:54', 1, NULL, 0, 1, 49, 28, 'f', 4, NULL);
INSERT INTO "field_info_personal" VALUES (29, '2020-05-28 21:07:54', 1, '2020-05-28 21:07:54', 1, NULL, 0, 1, 83, 1, 'f', 6, NULL);
INSERT INTO "field_info_personal" VALUES (30, '2020-05-28 21:07:54', 1, '2020-05-28 21:07:54', 1, NULL, 0, 1, 84, 5, 'f', 6, NULL);
INSERT INTO "field_info_personal" VALUES (31, '2020-05-28 21:07:54', 1, '2020-05-28 21:07:54', 1, NULL, 0, 1, 85, 2, 'f', 6, NULL);
INSERT INTO "field_info_personal" VALUES (32, '2020-05-28 21:07:54', 1, '2020-05-28 21:07:54', 1, NULL, 0, 1, 86, 4, 'f', 6, NULL);
INSERT INTO "field_info_personal" VALUES (33, '2020-05-28 21:07:54', 1, '2020-05-28 21:07:54', 1, NULL, 0, 1, 87, 7, 'f', 6, NULL);
INSERT INTO "field_info_personal" VALUES (34, '2020-05-28 21:07:54', 1, '2020-05-28 21:07:54', 1, NULL, 0, 1, 88, 6, 'f', 6, NULL);
INSERT INTO "field_info_personal" VALUES (35, '2020-05-28 21:07:54', 1, '2020-05-28 21:07:54', 1, NULL, 0, 1, 89, 8, 'f', 6, NULL);
INSERT INTO "field_info_personal" VALUES (36, '2020-05-28 21:07:54', 1, '2020-05-28 21:07:54', 1, NULL, 0, 1, 90, 3, 'f', 6, NULL);
INSERT INTO "field_info_personal" VALUES (37, '2020-05-28 21:07:54', 1, '2020-05-28 21:07:54', 1, NULL, 0, 1, 91, 3, 'f', 6, NULL);
INSERT INTO "field_info_personal" VALUES (38, '2020-05-28 21:07:54', 1, '2020-05-28 21:07:54', 1, NULL, 0, 1, 92, 15, 'f', 6, NULL);
INSERT INTO "field_info_personal" VALUES (39, '2020-05-28 21:07:54', 1, '2020-05-28 21:07:54', 1, NULL, 0, 1, 93, 16, 'f', 6, NULL);
INSERT INTO "field_info_personal" VALUES (40, '2020-05-28 21:07:54', 1, '2020-05-28 21:07:54', 1, NULL, 0, 1, 94, 9, 'f', 6, NULL);
INSERT INTO "field_info_personal" VALUES (41, '2020-05-28 21:07:54', 1, '2020-05-28 21:07:54', 1, NULL, 0, 1, 95, 10, 'f', 6, NULL);
INSERT INTO "field_info_personal" VALUES (42, '2020-05-28 21:07:54', 1, '2020-05-28 21:07:54', 1, NULL, 0, 1, 96, 11, 'f', 6, NULL);
INSERT INTO "field_info_personal" VALUES (43, '2020-05-28 21:07:54', 1, '2020-05-28 21:07:54', 1, NULL, 0, 1, 97, 12, 'f', 6, NULL);
INSERT INTO "field_info_personal" VALUES (44, '2020-05-28 21:07:54', 1, '2020-05-28 21:07:54', 1, NULL, 0, 1, 98, 13, 'f', 6, NULL);
INSERT INTO "field_info_personal" VALUES (45, '2020-05-28 21:07:54', 1, '2020-05-28 21:07:54', 1, NULL, 0, 1, 99, 14, 'f', 6, NULL);
INSERT INTO "field_info_personal" VALUES (46, '2020-05-28 21:07:54', 1, '2020-05-28 21:07:54', 1, NULL, 0, 1, 170, 1, 'f', 16, NULL);
INSERT INTO "field_info_personal" VALUES (47, '2020-05-28 21:07:54', 1, '2020-05-28 21:07:54', 1, NULL, 0, 1, 171, 2, 'f', 16, NULL);
INSERT INTO "field_info_personal" VALUES (48, '2020-05-28 21:07:54', 1, '2020-05-28 21:07:54', 1, NULL, 0, 1, 172, 3, 'f', 16, NULL);
INSERT INTO "field_info_personal" VALUES (49, '2020-05-28 21:07:54', 1, '2020-05-28 21:07:54', 1, NULL, 0, 1, 173, 4, 'f', 16, NULL);
INSERT INTO "field_info_personal" VALUES (50, '2020-05-28 21:07:54', 1, '2020-05-28 21:07:54', 1, NULL, 0, 1, 174, 5, 'f', 16, NULL);
INSERT INTO "field_info_personal" VALUES (51, '2020-05-28 21:07:54', 1, '2020-05-28 21:07:54', 1, NULL, 0, 1, 175, 6, 'f', 16, NULL);
INSERT INTO "field_info_personal" VALUES (52, '2020-05-28 21:07:54', 1, '2020-05-28 21:07:54', 1, NULL, 0, 1, 176, 7, 'f', 16, NULL);
INSERT INTO "field_info_personal" VALUES (53, '2020-05-28 21:07:54', 1, '2020-05-28 21:07:54', 1, NULL, 0, 1, 177, 8, 'f', 16, NULL);
INSERT INTO "field_info_personal" VALUES (54, '2020-05-28 21:07:54', 1, '2020-05-28 21:07:54', 1, NULL, 0, 1, 178, 9, 'f', 16, NULL);
INSERT INTO "field_info_personal" VALUES (55, '2020-05-28 21:07:54', 1, '2020-05-28 21:07:54', 1, NULL, 0, 1, 179, 10, 'f', 16, NULL);
INSERT INTO "field_info_personal" VALUES (56, '2020-05-28 21:07:54', 1, '2020-05-28 21:07:54', 1, NULL, 0, 1, 180, 11, 'f', 16, NULL);
INSERT INTO "field_info_personal" VALUES (57, '2020-05-28 21:07:54', 1, '2020-05-28 21:07:54', 1, NULL, 0, 1, 181, 12, 'f', 16, NULL);
INSERT INTO "field_info_personal" VALUES (58, '2020-05-28 21:07:54', 1, '2020-05-28 21:07:54', 1, NULL, 0, 1, 182, 13, 'f', 16, NULL);
INSERT INTO "field_info_personal" VALUES (59, '2020-05-28 21:07:54', 1, '2020-05-28 21:07:54', 1, NULL, 0, 1, 183, 14, 'f', 16, NULL);
INSERT INTO "field_info_personal" VALUES (60, '2020-05-28 21:07:54', 1, '2020-05-28 21:07:54', 1, NULL, 0, 1, 184, 15, 'f', 16, NULL);
INSERT INTO "field_info_personal" VALUES (61, '2020-05-28 21:07:54', 1, '2020-05-28 21:07:54', 1, NULL, 0, 2, 1, 1, 'f', 2, NULL);
INSERT INTO "field_info_personal" VALUES (62, '2020-05-28 21:07:54', 1, '2020-05-28 21:07:54', 1, NULL, 0, 2, 2, 2, 'f', 2, NULL);
INSERT INTO "field_info_personal" VALUES (63, '2020-05-28 21:07:54', 1, '2020-05-28 21:07:54', 1, NULL, 0, 2, 3, 3, 'f', 2, NULL);
INSERT INTO "field_info_personal" VALUES (64, '2020-05-28 21:07:54', 1, '2020-05-28 21:07:54', 1, NULL, 0, 2, 4, 4, 'f', 2, NULL);
INSERT INTO "field_info_personal" VALUES (65, '2020-05-28 21:07:54', 1, '2020-05-28 21:07:54', 1, NULL, 0, 2, 5, 5, 'f', 2, NULL);
INSERT INTO "field_info_personal" VALUES (66, '2020-05-28 21:07:54', 1, '2020-05-28 21:07:54', 1, NULL, 0, 2, 6, 6, 'f', 2, NULL);
INSERT INTO "field_info_personal" VALUES (67, '2020-05-28 21:07:54', 1, '2020-05-28 21:07:54', 1, NULL, 0, 2, 7, 7, 'f', 2, NULL);
INSERT INTO "field_info_personal" VALUES (68, '2020-05-28 21:07:54', 1, '2020-05-28 21:07:54', 1, NULL, 0, 2, 8, 9, 'f', 2, NULL);
INSERT INTO "field_info_personal" VALUES (69, '2020-05-28 21:07:54', 1, '2020-05-28 21:07:54', 1, NULL, 0, 2, 9, 8, 'f', 2, NULL);
INSERT INTO "field_info_personal" VALUES (70, '2020-05-28 21:07:54', 1, '2020-05-28 21:07:54', 1, NULL, 0, 2, 10, 10, 'f', 2, NULL);
INSERT INTO "field_info_personal" VALUES (71, '2020-05-28 21:07:54', 1, '2020-05-28 21:07:54', 1, NULL, 0, 2, 11, 11, 'f', 2, NULL);
INSERT INTO "field_info_personal" VALUES (72, '2020-05-28 21:07:54', 1, '2020-05-28 21:07:54', 1, NULL, 0, 2, 12, 12, 'f', 2, NULL);
INSERT INTO "field_info_personal" VALUES (73, '2020-05-28 21:07:54', 1, '2020-05-28 21:07:54', 1, NULL, 0, 2, 13, 13, 'f', 2, NULL);
INSERT INTO "field_info_personal" VALUES (74, '2020-05-28 21:07:54', 1, '2020-05-28 21:07:54', 1, NULL, 0, 2, 14, 14, 'f', 2, NULL);
INSERT INTO "field_info_personal" VALUES (75, '2020-05-28 21:07:54', 1, '2020-05-28 21:07:54', 1, NULL, 0, 2, 15, 15, 'f', 2, NULL);
INSERT INTO "field_info_personal" VALUES (76, '2020-05-28 21:07:54', 1, '2020-05-28 21:07:54', 1, NULL, 0, 2, 16, 16, 'f', 2, NULL);
INSERT INTO "field_info_personal" VALUES (77, '2020-05-28 21:07:54', 1, '2020-05-28 21:07:54', 1, NULL, 0, 2, 17, 18, 'f', 2, NULL);
INSERT INTO "field_info_personal" VALUES (78, '2020-05-28 21:07:54', 1, '2020-05-28 21:07:54', 1, NULL, 0, 2, 18, 17, 'f', 2, NULL);
INSERT INTO "field_info_personal" VALUES (79, '2020-05-28 21:07:54', 1, '2020-05-28 21:07:54', 1, NULL, 0, 2, 19, 19, 'f', 2, NULL);
INSERT INTO "field_info_personal" VALUES (80, '2020-05-28 21:07:54', 1, '2020-05-28 21:07:54', 1, NULL, 0, 2, 20, 20, 'f', 2, NULL);
INSERT INTO "field_info_personal" VALUES (81, '2020-05-28 21:07:54', 1, '2020-05-28 21:07:54', 1, NULL, 0, 1, 132, 2, 'f', 15, NULL);
INSERT INTO "field_info_personal" VALUES (82, '2020-05-28 21:07:54', 1, '2020-05-28 21:07:54', 1, NULL, 0, 1, 133, 3, 'f', 15, NULL);
INSERT INTO "field_info_personal" VALUES (83, '2020-05-28 21:07:54', 1, '2020-05-28 21:07:54', 1, NULL, 0, 1, 134, 4, 'f', 15, NULL);
INSERT INTO "field_info_personal" VALUES (84, '2020-05-28 21:07:54', 1, '2020-05-28 21:07:54', 1, NULL, 0, 1, 135, 5, 'f', 15, NULL);
INSERT INTO "field_info_personal" VALUES (85, '2020-05-28 21:07:54', 1, '2020-05-28 21:07:54', 1, NULL, 0, 1, 136, 6, 'f', 15, NULL);
INSERT INTO "field_info_personal" VALUES (86, '2020-05-28 21:07:54', 1, '2020-05-28 21:07:54', 1, NULL, 0, 1, 137, 7, 'f', 15, NULL);
INSERT INTO "field_info_personal" VALUES (87, '2020-05-28 21:07:54', 1, '2020-05-28 21:07:54', 1, NULL, 0, 2, 138, 17, 'f', 1501, NULL);
INSERT INTO "field_info_personal" VALUES (88, '2020-05-28 21:07:54', 1, '2020-05-28 21:07:54', 1, NULL, 0, 2, 139, 3, 'f', 1501, NULL);
INSERT INTO "field_info_personal" VALUES (89, '2020-05-28 21:07:54', 1, '2020-05-28 21:07:54', 1, NULL, 0, 1, 140, 10, 'f', 15, NULL);
INSERT INTO "field_info_personal" VALUES (90, '2020-05-28 21:07:54', 1, '2020-05-28 21:07:54', 1, NULL, 0, 1, 141, 9, 'f', 15, NULL);
INSERT INTO "field_info_personal" VALUES (91, '2020-05-28 21:07:54', 1, '2020-05-28 21:07:54', 1, NULL, 0, 1, 142, 12, 'f', 15, NULL);
INSERT INTO "field_info_personal" VALUES (92, '2020-05-28 21:07:54', 1, '2020-05-28 21:07:54', 1, NULL, 0, 1, 143, 13, 'f', 15, NULL);
INSERT INTO "field_info_personal" VALUES (93, '2020-05-28 21:07:54', 1, '2020-05-28 21:07:54', 1, NULL, 0, 1, 144, 14, 'f', 15, NULL);
INSERT INTO "field_info_personal" VALUES (94, '2020-05-28 21:07:54', 1, '2020-05-28 21:07:54', 1, NULL, 0, 1, 145, 15, 'f', 15, NULL);
INSERT INTO "field_info_personal" VALUES (95, '2020-05-28 21:07:54', 1, '2020-05-28 21:07:54', 1, NULL, 0, 1, 146, 16, 'f', 15, NULL);
INSERT INTO "field_info_personal" VALUES (96, '2020-05-28 21:07:54', 1, '2020-05-28 21:07:54', 1, NULL, 0, 1, 147, 17, 'f', 15, NULL);
INSERT INTO "field_info_personal" VALUES (97, '2020-05-28 21:07:54', 1, '2020-05-28 21:07:54', 1, NULL, 0, 1, 148, 18, 'f', 15, NULL);
INSERT INTO "field_info_personal" VALUES (98, '2020-05-28 21:07:54', 1, '2020-05-28 21:07:54', 1, NULL, 0, 1, 149, 19, 'f', 15, NULL);
INSERT INTO "field_info_personal" VALUES (99, '2020-05-28 21:07:54', 1, '2020-05-28 21:07:54', 1, NULL, 0, 2, 132, 2, 'f', 15, NULL);
INSERT INTO "field_info_personal" VALUES (100, '2020-05-28 21:07:54', 1, '2020-05-28 21:07:54', 1, NULL, 0, 2, 133, 3, 'f', 15, NULL);
INSERT INTO "field_info_personal" VALUES (101, '2020-05-28 21:07:54', 1, '2020-05-28 21:07:54', 1, NULL, 0, 2, 134, 4, 'f', 15, NULL);
INSERT INTO "field_info_personal" VALUES (102, '2020-05-28 21:07:54', 1, '2020-05-28 21:07:54', 1, NULL, 0, 2, 135, 5, 'f', 15, NULL);
INSERT INTO "field_info_personal" VALUES (103, '2020-05-28 21:07:54', 1, '2020-05-28 21:07:54', 1, NULL, 0, 2, 136, 6, 'f', 15, NULL);
INSERT INTO "field_info_personal" VALUES (104, '2020-05-28 21:07:54', 1, '2020-05-28 21:07:54', 1, NULL, 0, 2, 137, 7, 'f', 15, NULL);
INSERT INTO "field_info_personal" VALUES (105, '2020-05-28 21:07:54', 1, '2020-05-28 21:07:54', 1, NULL, 0, 2, 140, 10, 'f', 15, NULL);
INSERT INTO "field_info_personal" VALUES (106, '2020-05-28 21:07:54', 1, '2020-05-28 21:07:54', 1, NULL, 0, 2, 141, 9, 'f', 15, NULL);
INSERT INTO "field_info_personal" VALUES (107, '2020-05-28 21:07:54', 1, '2020-05-28 21:07:54', 1, NULL, 0, 2, 142, 12, 'f', 15, NULL);
INSERT INTO "field_info_personal" VALUES (108, '2020-05-28 21:07:54', 1, '2020-05-28 21:07:54', 1, NULL, 0, 2, 143, 13, 'f', 15, NULL);
INSERT INTO "field_info_personal" VALUES (109, '2020-05-28 21:07:54', 1, '2020-05-28 21:07:54', 1, NULL, 0, 2, 144, 14, 'f', 15, NULL);
INSERT INTO "field_info_personal" VALUES (110, '2020-05-28 21:07:54', 1, '2020-05-28 21:07:54', 1, NULL, 0, 2, 145, 15, 'f', 15, NULL);
INSERT INTO "field_info_personal" VALUES (111, '2020-05-28 21:07:54', 1, '2020-05-28 21:07:54', 1, NULL, 0, 2, 146, 16, 'f', 15, NULL);
INSERT INTO "field_info_personal" VALUES (112, '2020-05-28 21:07:54', 1, '2020-05-28 21:07:54', 1, NULL, 0, 2, 147, 17, 'f', 15, NULL);
INSERT INTO "field_info_personal" VALUES (113, '2020-05-28 21:07:54', 1, '2020-05-28 21:07:54', 1, NULL, 0, 2, 148, 18, 'f', 15, NULL);
INSERT INTO "field_info_personal" VALUES (114, '2020-05-28 21:07:54', 1, '2020-05-28 21:07:54', 1, NULL, 0, 2, 149, 19, 'f', 15, NULL);
INSERT INTO "field_info_personal" VALUES (115, '2020-05-28 21:07:54', 1, '2020-05-28 21:07:54', 1, NULL, 0, 2, 162, 1, 'f', 1501, NULL);
INSERT INTO "field_info_personal" VALUES (116, '2020-05-28 21:07:54', 1, '2020-05-28 21:07:54', 1, NULL, 0, 2, 163, 2, 'f', 1501, NULL);
INSERT INTO "field_info_personal" VALUES (117, '2020-05-28 21:07:54', 1, '2020-05-28 21:07:54', 1, NULL, 0, 2, 164, 3, 'f', 1501, NULL);
INSERT INTO "field_info_personal" VALUES (118, '2020-05-28 21:07:54', 1, '2020-05-28 21:07:54', 1, NULL, 0, 2, 165, 4, 'f', 1501, NULL);
INSERT INTO "field_info_personal" VALUES (119, '2020-05-28 21:07:54', 1, '2020-05-28 21:07:54', 1, NULL, 0, 2, 166, 5, 'f', 1501, NULL);
INSERT INTO "field_info_personal" VALUES (120, '2020-05-28 21:07:54', 1, '2020-05-28 21:07:54', 1, NULL, 0, 2, 167, 6, 'f', 1501, NULL);
INSERT INTO "field_info_personal" VALUES (121, '2020-05-28 21:07:54', 1, '2020-05-28 21:07:54', 1, NULL, 0, 2, 168, 7, 'f', 1501, NULL);
INSERT INTO "field_info_personal" VALUES (122, '2020-05-28 21:07:54', 1, '2020-05-28 21:07:54', 1, NULL, 0, 2, 169, 8, 'f', 1501, NULL);
INSERT INTO "field_info_personal" VALUES (123, '2020-05-28 21:07:54', 1, '2020-05-28 21:07:54', 1, NULL, 0, 1, 100, 1, 'f', 8, NULL);
INSERT INTO "field_info_personal" VALUES (124, '2020-05-28 21:07:54', 1, '2020-05-28 21:07:54', 1, NULL, 0, 1, 101, 2, 'f', 8, NULL);
INSERT INTO "field_info_personal" VALUES (125, '2020-05-28 21:07:54', 1, '2020-05-28 21:07:54', 1, NULL, 0, 1, 102, 3, 'f', 8, NULL);
INSERT INTO "field_info_personal" VALUES (126, '2020-05-28 21:07:54', 1, '2020-05-28 21:07:54', 1, NULL, 0, 1, 103, 4, 'f', 8, NULL);
INSERT INTO "field_info_personal" VALUES (127, '2020-05-28 21:07:54', 1, '2020-05-28 21:07:54', 1, NULL, 0, 1, 104, 5, 'f', 8, NULL);
INSERT INTO "field_info_personal" VALUES (128, '2020-05-28 21:07:54', 1, '2020-05-28 21:07:54', 1, NULL, 0, 1, 105, 6, 'f', 8, NULL);
INSERT INTO "field_info_personal" VALUES (129, '2020-05-28 21:07:54', 1, '2020-05-28 21:07:54', 1, NULL, 0, 1, 106, 7, 'f', 8, NULL);
INSERT INTO "field_info_personal" VALUES (130, '2020-05-28 21:07:54', 1, '2020-05-28 21:07:54', 1, NULL, 0, 1, 107, 8, 'f', 8, NULL);
INSERT INTO "field_info_personal" VALUES (131, '2020-05-28 21:07:54', 1, '2020-05-28 21:07:54', 1, NULL, 0, 1, 108, 9, 'f', 8, NULL);
INSERT INTO "field_info_personal" VALUES (132, '2020-05-28 21:07:54', 1, '2020-05-28 21:07:54', 1, NULL, 0, 1, 109, 10, 'f', 8, NULL);
INSERT INTO "field_info_personal" VALUES (133, '2020-05-28 21:07:54', 1, '2020-05-28 21:07:54', 1, NULL, 0, 1, 110, 11, 'f', 8, NULL);
INSERT INTO "field_info_personal" VALUES (134, '2020-05-28 21:07:54', 1, '2020-05-28 21:07:54', 1, NULL, 0, 1, 111, 12, 'f', 8, NULL);
INSERT INTO "field_info_personal" VALUES (135, '2020-05-28 21:07:54', 1, '2020-05-28 21:07:54', 1, NULL, 0, 1, 112, 13, 'f', 8, NULL);
INSERT INTO "field_info_personal" VALUES (136, '2020-05-28 21:07:54', 1, '2020-05-28 21:07:54', 1, NULL, 0, 1, 113, 14, 'f', 8, NULL);
INSERT INTO "field_info_personal" VALUES (137, '2020-05-28 21:07:54', 1, '2020-05-28 21:07:54', 1, NULL, 0, 1, 114, 15, 'f', 8, NULL);
INSERT INTO "field_info_personal" VALUES (138, '2020-05-28 21:07:54', 1, '2020-05-28 21:07:54', 1, NULL, 0, 1, 115, 16, 'f', 8, NULL);
INSERT INTO "field_info_personal" VALUES (139, '2020-05-28 21:07:54', 1, '2020-05-28 21:07:54', 1, NULL, 0, 1, 116, 17, 'f', 8, NULL);
INSERT INTO "field_info_personal" VALUES (140, '2020-05-28 21:07:54', 1, '2020-05-28 21:07:54', 1, NULL, 0, 1, 130, 18, 'f', 1401, NULL);
INSERT INTO "field_info_personal" VALUES (141, '2020-05-28 21:07:54', 1, '2020-05-28 21:07:54', 1, NULL, 0, 2, 101, 1, 'f', 8, NULL);
INSERT INTO "field_info_personal" VALUES (142, '2020-05-28 21:07:54', 1, '2020-05-28 21:07:54', 1, NULL, 0, 2, 102, 2, 'f', 8, NULL);
INSERT INTO "field_info_personal" VALUES (143, '2020-05-28 21:07:54', 1, '2020-05-28 21:07:54', 1, NULL, 0, 2, 103, 3, 'f', 8, NULL);
INSERT INTO "field_info_personal" VALUES (144, '2020-05-28 21:07:54', 1, '2020-05-28 21:07:54', 1, NULL, 0, 2, 104, 4, 'f', 8, NULL);
INSERT INTO "field_info_personal" VALUES (145, '2020-05-28 21:07:54', 1, '2020-05-28 21:07:54', 1, NULL, 0, 2, 105, 5, 'f', 8, NULL);
INSERT INTO "field_info_personal" VALUES (146, '2020-05-28 21:07:54', 1, '2020-05-28 21:07:54', 1, NULL, 0, 2, 106, 6, 'f', 8, NULL);
INSERT INTO "field_info_personal" VALUES (147, '2020-05-28 21:07:54', 1, '2020-05-28 21:07:54', 1, NULL, 0, 2, 107, 7, 'f', 8, NULL);
INSERT INTO "field_info_personal" VALUES (148, '2020-05-28 21:07:54', 1, '2020-05-28 21:07:54', 1, NULL, 0, 2, 108, 8, 'f', 8, NULL);
INSERT INTO "field_info_personal" VALUES (149, '2020-05-28 21:07:54', 1, '2020-05-28 21:07:54', 1, NULL, 0, 2, 109, 9, 'f', 8, NULL);
INSERT INTO "field_info_personal" VALUES (150, '2020-05-28 21:07:54', 1, '2020-05-28 21:07:54', 1, NULL, 0, 2, 112, 10, 'f', 8, NULL);
INSERT INTO "field_info_personal" VALUES (151, '2020-05-28 21:07:54', 1, '2020-05-28 21:07:54', 1, NULL, 0, 2, 113, 11, 'f', 8, NULL);
INSERT INTO "field_info_personal" VALUES (152, '2020-05-28 21:07:54', 1, '2020-05-28 21:07:54', 1, NULL, 0, 2, 114, 12, 'f', 8, NULL);
INSERT INTO "field_info_personal" VALUES (153, '2020-05-28 21:07:54', 1, '2020-05-28 21:07:54', 1, NULL, 0, 2, 130, 13, 'f', 1401, NULL);
INSERT INTO "field_info_personal" VALUES (154, '2020-05-28 21:07:54', 1, '2020-05-28 21:07:54', 1, NULL, 0, 1, 50, 1, 'f', 5, NULL);
INSERT INTO "field_info_personal" VALUES (155, '2020-05-28 21:07:54', 1, '2020-05-28 21:07:54', 1, NULL, 0, 1, 51, 2, 'f', 5, NULL);
INSERT INTO "field_info_personal" VALUES (156, '2020-05-28 21:07:54', 1, '2020-05-28 21:07:54', 1, NULL, 0, 1, 52, 3, 'f', 5, NULL);
INSERT INTO "field_info_personal" VALUES (157, '2020-05-28 21:07:54', 1, '2020-05-28 21:07:54', 1, NULL, 0, 1, 53, 4, 'f', 5, NULL);
INSERT INTO "field_info_personal" VALUES (158, '2020-05-28 21:07:54', 1, '2020-05-28 21:07:54', 1, NULL, 0, 1, 54, 5, 'f', 5, NULL);
INSERT INTO "field_info_personal" VALUES (159, '2020-05-28 21:07:54', 1, '2020-05-28 21:07:54', 1, NULL, 0, 1, 55, 6, 'f', 5, NULL);
INSERT INTO "field_info_personal" VALUES (160, '2020-05-28 21:07:54', 1, '2020-05-28 21:07:54', 1, NULL, 0, 1, 56, 7, 'f', 5, NULL);
INSERT INTO "field_info_personal" VALUES (161, '2020-05-28 21:07:54', 1, '2020-05-28 21:07:54', 1, NULL, 0, 1, 57, 8, 'f', 5, NULL);
INSERT INTO "field_info_personal" VALUES (162, '2020-05-28 21:07:54', 1, '2020-05-28 21:07:54', 1, NULL, 0, 1, 58, 9, 'f', 5, NULL);
INSERT INTO "field_info_personal" VALUES (163, '2020-05-28 21:07:54', 1, '2020-05-28 21:07:54', 1, NULL, 0, 1, 59, 10, 'f', 5, NULL);
INSERT INTO "field_info_personal" VALUES (164, '2020-05-28 21:07:54', 1, '2020-05-28 21:07:54', 1, NULL, 0, 1, 60, 11, 'f', 5, NULL);
INSERT INTO "field_info_personal" VALUES (165, '2020-05-28 21:07:54', 1, '2020-05-28 21:07:54', 1, NULL, 0, 1, 65, 12, 'f', 5, NULL);
INSERT INTO "field_info_personal" VALUES (166, '2020-05-28 21:07:54', 1, '2020-05-28 21:07:54', 1, NULL, 0, 1, 66, 13, 'f', 5, NULL);
INSERT INTO "field_info_personal" VALUES (167, '2020-05-28 21:07:54', 1, '2020-05-28 21:07:54', 1, NULL, 0, 1, 67, 14, 'f', 5, NULL);
INSERT INTO "field_info_personal" VALUES (168, '2020-05-28 21:07:54', 1, '2020-05-28 21:07:54', 1, NULL, 0, 1, 68, 15, 'f', 5, NULL);
INSERT INTO "field_info_personal" VALUES (169, '2020-05-28 21:07:54', 1, '2020-05-28 21:07:54', 1, NULL, 0, 1, 69, 16, 'f', 5, NULL);
INSERT INTO "field_info_personal" VALUES (170, '2020-05-28 21:07:54', 1, '2020-05-28 21:07:54', 1, NULL, 0, 2, 50, 1, 'f', 5, NULL);
INSERT INTO "field_info_personal" VALUES (171, '2020-05-28 21:07:54', 1, '2020-05-28 21:07:54', 1, NULL, 0, 2, 51, 2, 'f', 5, NULL);
INSERT INTO "field_info_personal" VALUES (172, '2020-05-28 21:07:54', 1, '2020-05-28 21:07:54', 1, NULL, 0, 2, 52, 3, 'f', 5, NULL);
INSERT INTO "field_info_personal" VALUES (173, '2020-05-28 21:07:54', 1, '2020-05-28 21:07:54', 1, NULL, 0, 2, 53, 4, 'f', 5, NULL);
INSERT INTO "field_info_personal" VALUES (174, '2020-05-28 21:07:54', 1, '2020-05-28 21:07:54', 1, NULL, 0, 2, 54, 5, 'f', 5, NULL);
INSERT INTO "field_info_personal" VALUES (175, '2020-05-28 21:07:54', 1, '2020-05-28 21:07:54', 1, NULL, 0, 2, 55, 6, 'f', 5, NULL);
INSERT INTO "field_info_personal" VALUES (176, '2020-05-28 21:07:54', 1, '2020-05-28 21:07:54', 1, NULL, 0, 2, 56, 7, 'f', 5, NULL);
INSERT INTO "field_info_personal" VALUES (177, '2020-05-28 21:07:54', 1, '2020-05-28 21:07:54', 1, NULL, 0, 2, 57, 8, 'f', 5, NULL);
INSERT INTO "field_info_personal" VALUES (178, '2020-05-28 21:07:54', 1, '2020-05-28 21:07:54', 1, NULL, 0, 2, 58, 9, 'f', 5, NULL);
INSERT INTO "field_info_personal" VALUES (179, '2020-05-28 21:07:54', 1, '2020-05-28 21:07:54', 1, NULL, 0, 2, 59, 10, 'f', 5, NULL);
INSERT INTO "field_info_personal" VALUES (180, '2020-05-28 21:07:54', 1, '2020-05-28 21:07:54', 1, NULL, 0, 2, 60, 11, 'f', 5, NULL);
INSERT INTO "field_info_personal" VALUES (181, '2020-05-28 21:07:54', 1, '2020-05-28 21:07:54', 1, NULL, 0, 2, 64, 12, 'f', 5, NULL);
INSERT INTO "field_info_personal" VALUES (182, '2020-05-28 21:07:54', 1, '2020-05-28 21:07:54', 1, NULL, 0, 2, 65, 13, 'f', 5, NULL);
INSERT INTO "field_info_personal" VALUES (183, '2020-05-28 21:07:54', 1, '2020-05-28 21:07:54', 1, NULL, 0, 2, 66, 14, 'f', 5, NULL);
INSERT INTO "field_info_personal" VALUES (184, '2020-05-28 21:07:54', 1, '2020-05-28 21:07:54', 1, NULL, 0, 2, 67, 15, 'f', 5, NULL);
INSERT INTO "field_info_personal" VALUES (185, '2020-05-28 21:07:54', 1, '2020-05-28 21:07:54', 1, NULL, 0, 2, 68, 16, 'f', 5, NULL);
INSERT INTO "field_info_personal" VALUES (186, '2020-05-28 21:07:54', 1, '2020-05-28 21:07:54', 1, NULL, 0, 2, 69, 17, 'f', 5, NULL);
INSERT INTO "field_info_personal" VALUES (187, '2020-05-28 21:07:54', 1, '2020-05-28 21:07:54', 1, NULL, 0, 1, 117, 1, 'f', 14, NULL);
INSERT INTO "field_info_personal" VALUES (188, '2020-05-28 21:07:54', 1, '2020-05-28 21:07:54', 1, NULL, 0, 1, 118, 2, 'f', 14, NULL);
INSERT INTO "field_info_personal" VALUES (189, '2020-05-28 21:07:54', 1, '2020-05-28 21:07:54', 1, NULL, 0, 1, 119, 3, 'f', 14, NULL);
INSERT INTO "field_info_personal" VALUES (190, '2020-05-28 21:07:54', 1, '2020-05-28 21:07:54', 1, NULL, 0, 1, 120, 4, 'f', 14, NULL);
INSERT INTO "field_info_personal" VALUES (191, '2020-05-28 21:07:54', 1, '2020-05-28 21:07:54', 1, NULL, 0, 1, 121, 5, 'f', 14, NULL);
INSERT INTO "field_info_personal" VALUES (192, '2020-05-28 21:07:54', 1, '2020-05-28 21:07:54', 1, NULL, 0, 1, 122, 6, 'f', 14, NULL);
INSERT INTO "field_info_personal" VALUES (193, '2020-05-28 21:07:54', 1, '2020-05-28 21:07:54', 1, NULL, 0, 1, 123, 7, 'f', 14, NULL);
INSERT INTO "field_info_personal" VALUES (194, '2020-05-28 21:07:54', 1, '2020-05-28 21:07:54', 1, NULL, 0, 1, 124, 8, 'f', 14, NULL);
INSERT INTO "field_info_personal" VALUES (195, '2020-05-28 21:07:54', 1, '2020-05-28 21:07:54', 1, NULL, 0, 1, 125, 10, 'f', 14, NULL);
INSERT INTO "field_info_personal" VALUES (196, '2020-05-28 21:07:54', 1, '2020-05-28 21:07:54', 1, NULL, 0, 1, 126, 11, 'f', 14, NULL);
INSERT INTO "field_info_personal" VALUES (197, '2020-05-28 21:07:54', 1, '2020-05-28 21:07:54', 1, NULL, 0, 1, 127, 12, 'f', 14, NULL);
INSERT INTO "field_info_personal" VALUES (198, '2020-05-28 21:07:54', 1, '2020-05-28 21:07:54', 1, NULL, 0, 1, 128, 13, 'f', 14, NULL);
INSERT INTO "field_info_personal" VALUES (199, '2020-05-28 21:07:54', 1, '2020-05-28 21:07:54', 1, NULL, 0, 1, 129, 9, 'f', 14, NULL);
INSERT INTO "field_info_personal" VALUES (200, '2020-05-28 21:07:54', 1, '2020-05-28 21:07:54', 1, NULL, 0, 2, 117, 1, 'f', 14, NULL);
INSERT INTO "field_info_personal" VALUES (201, '2020-05-28 21:07:54', 1, '2020-05-28 21:07:54', 1, NULL, 0, 2, 118, 2, 'f', 14, NULL);
INSERT INTO "field_info_personal" VALUES (202, '2020-05-28 21:07:54', 1, '2020-05-28 21:07:54', 1, NULL, 0, 2, 119, 3, 'f', 14, NULL);
INSERT INTO "field_info_personal" VALUES (203, '2020-05-28 21:07:54', 1, '2020-05-28 21:07:54', 1, NULL, 0, 2, 120, 4, 'f', 14, NULL);
INSERT INTO "field_info_personal" VALUES (204, '2020-05-28 21:07:54', 1, '2020-05-28 21:07:54', 1, NULL, 0, 2, 121, 5, 'f', 14, NULL);
INSERT INTO "field_info_personal" VALUES (205, '2020-05-28 21:07:54', 1, '2020-05-28 21:07:54', 1, NULL, 0, 2, 122, 6, 'f', 14, NULL);
INSERT INTO "field_info_personal" VALUES (206, '2020-05-28 21:07:54', 1, '2020-05-28 21:07:54', 1, NULL, 0, 2, 123, 7, 'f', 14, NULL);
INSERT INTO "field_info_personal" VALUES (207, '2020-05-28 21:07:54', 1, '2020-05-28 21:07:54', 1, NULL, 0, 2, 124, 8, 'f', 14, NULL);
INSERT INTO "field_info_personal" VALUES (208, '2020-05-28 21:07:54', 1, '2020-05-28 21:07:54', 1, NULL, 0, 2, 125, 10, 'f', 14, NULL);
INSERT INTO "field_info_personal" VALUES (209, '2020-05-28 21:07:54', 1, '2020-05-28 21:07:54', 1, NULL, 0, 2, 126, 11, 'f', 14, NULL);
INSERT INTO "field_info_personal" VALUES (210, '2020-05-28 21:07:54', 1, '2020-05-28 21:07:54', 1, NULL, 0, 2, 127, 12, 'f', 14, NULL);
INSERT INTO "field_info_personal" VALUES (211, '2020-05-28 21:07:54', 1, '2020-05-28 21:07:54', 1, NULL, 0, 2, 128, 13, 'f', 14, NULL);
INSERT INTO "field_info_personal" VALUES (212, '2020-05-28 21:07:54', 1, '2020-05-28 21:07:54', 1, NULL, 0, 2, 129, 9, 'f', 14, NULL);
INSERT INTO "field_info_personal" VALUES (213, '2020-05-28 21:07:54', 1, '2020-05-28 21:07:54', 1, NULL, 0, 1, 185, 8, 'f', 15, NULL);
INSERT INTO "field_info_personal" VALUES (214, '2020-05-28 21:07:54', 1, '2020-05-28 21:07:54', 1, NULL, 0, 1, 186, 11, 'f', 15, NULL);
INSERT INTO "field_info_personal" VALUES (215, '2020-05-28 21:07:54', 1, '2020-05-28 21:07:54', 1, NULL, 0, 2, 185, 8, 'f', 15, NULL);
INSERT INTO "field_info_personal" VALUES (216, '2020-05-28 21:07:54', 1, '2020-05-28 21:07:54', 1, NULL, 0, 2, 186, 11, 'f', 15, NULL);
INSERT INTO "field_info_personal" VALUES (217, '2020-05-28 21:07:54', 1, '2020-05-28 21:07:54', 1, NULL, 0, 2, 187, 1, 'f', 1501, NULL);
INSERT INTO "field_info_personal" VALUES (218, '2020-05-28 21:07:54', 1, '2020-05-28 21:07:54', 1, NULL, 0, 1, 188, 1, 'f', 15, NULL);
INSERT INTO "field_info_personal" VALUES (219, '2020-05-28 21:07:54', 1, '2020-05-28 21:07:54', 1, NULL, 0, 2, 188, 1, 'f', 15, NULL);
INSERT INTO "field_info_personal" VALUES (220, '2020-05-28 21:07:54', 1, '2020-05-28 21:07:54', 1, NULL, 0, 1, 189, 20, 'f', 15, NULL);

-- ----------------------------
-- Table structure for field_info_tab
-- ----------------------------
DROP TABLE IF EXISTS "field_info_tab";
CREATE TABLE "field_info_tab" (
  "field_info_tab_id" int8 NOT NULL,
  "field_id" int8 NOT NULL,
  "created_date" timestamp(6) NOT NULL,
  "created_user" int8 NOT NULL,
  "updated_date" timestamp(6) NOT NULL,
  "updated_user" int8 NOT NULL,
  "field_order" int4,
  "tab_belong" int4 NOT NULL,
  "tab_id" int4 NOT NULL
)
;

-- ----------------------------
-- Records of field_info_tab
-- ----------------------------
INSERT INTO "field_info_tab" VALUES (1, 22, '2020-05-27 16:59:12', 1, '2020-05-27 16:59:12', 1, 1, 4, 0);
INSERT INTO "field_info_tab" VALUES (2, 23, '2020-05-27 16:59:12', 1, '2020-05-27 16:59:12', 1, 2, 4, 0);
INSERT INTO "field_info_tab" VALUES (3, 24, '2020-05-27 16:59:12', 1, '2020-05-27 16:59:12', 1, 3, 4, 0);
INSERT INTO "field_info_tab" VALUES (4, 25, '2020-05-27 16:59:12', 1, '2020-05-27 16:59:12', 1, 4, 4, 0);
INSERT INTO "field_info_tab" VALUES (5, 26, '2020-05-27 16:59:12', 1, '2020-05-27 16:59:12', 1, 5, 4, 0);
INSERT INTO "field_info_tab" VALUES (6, 27, '2020-05-27 16:59:12', 1, '2020-05-27 16:59:12', 1, 6, 4, 0);
INSERT INTO "field_info_tab" VALUES (7, 28, '2020-05-27 16:59:12', 1, '2020-05-27 16:59:12', 1, 7, 4, 0);
INSERT INTO "field_info_tab" VALUES (8, 30, '2020-05-27 16:59:12', 1, '2020-05-27 16:59:12', 1, 8, 4, 0);
INSERT INTO "field_info_tab" VALUES (10, 31, '2020-05-27 16:59:12', 1, '2020-05-27 16:59:12', 1, 10, 4, 0);
INSERT INTO "field_info_tab" VALUES (11, 32, '2020-05-27 16:59:12', 1, '2020-05-27 16:59:12', 1, 11, 4, 0);
INSERT INTO "field_info_tab" VALUES (12, 33, '2020-05-27 16:59:12', 1, '2020-05-27 16:59:12', 1, 12, 4, 0);
INSERT INTO "field_info_tab" VALUES (13, 34, '2020-05-27 16:59:12', 1, '2020-05-27 16:59:12', 1, 13, 4, 0);
INSERT INTO "field_info_tab" VALUES (14, 35, '2020-05-27 16:59:12', 1, '2020-05-27 16:59:12', 1, 14, 4, 0);
INSERT INTO "field_info_tab" VALUES (15, 36, '2020-05-27 16:59:12', 1, '2020-05-27 16:59:12', 1, 15, 4, 0);
INSERT INTO "field_info_tab" VALUES (16, 37, '2020-05-27 16:59:12', 1, '2020-05-27 16:59:12', 1, 16, 4, 0);
INSERT INTO "field_info_tab" VALUES (17, 38, '2020-05-27 16:59:12', 1, '2020-05-27 16:59:12', 1, 17, 4, 0);
INSERT INTO "field_info_tab" VALUES (18, 40, '2020-05-27 16:59:12', 1, '2020-05-27 16:59:12', 1, 18, 4, 0);
INSERT INTO "field_info_tab" VALUES (19, 41, '2020-05-27 16:59:12', 1, '2020-05-27 16:59:12', 1, 19, 4, 0);
INSERT INTO "field_info_tab" VALUES (20, 42, '2020-05-27 16:59:12', 1, '2020-05-27 16:59:12', 1, 20, 4, 0);
INSERT INTO "field_info_tab" VALUES (21, 43, '2020-05-27 16:59:12', 1, '2020-05-27 16:59:12', 1, 21, 4, 0);
INSERT INTO "field_info_tab" VALUES (22, 44, '2020-05-27 16:59:12', 1, '2020-05-27 16:59:12', 1, 22, 4, 0);
INSERT INTO "field_info_tab" VALUES (23, 46, '2020-05-27 16:59:12', 1, '2020-05-27 16:59:12', 1, 23, 4, 0);
INSERT INTO "field_info_tab" VALUES (24, 47, '2020-05-27 16:59:12', 1, '2020-05-27 16:59:12', 1, 24, 4, 0);
INSERT INTO "field_info_tab" VALUES (25, 48, '2020-05-27 16:59:12', 1, '2020-05-27 16:59:12', 1, 25, 4, 0);
INSERT INTO "field_info_tab" VALUES (26, 49, '2020-05-27 16:59:12', 1, '2020-05-27 16:59:12', 1, 26, 4, 0);
INSERT INTO "field_info_tab" VALUES (27, 96, '2020-05-27 16:59:12', 1, '2020-05-27 16:59:12', 1, 1, 4, 1);
INSERT INTO "field_info_tab" VALUES (28, 83, '2020-05-27 16:59:12', 1, '2020-05-27 16:59:12', 1, 2, 4, 1);
INSERT INTO "field_info_tab" VALUES (29, 85, '2020-05-27 16:59:12', 1, '2020-05-27 16:59:12', 1, 3, 4, 1);
INSERT INTO "field_info_tab" VALUES (30, 87, '2020-05-27 16:59:12', 1, '2020-05-27 16:59:12', 1, 4, 4, 1);
INSERT INTO "field_info_tab" VALUES (31, 25, '2020-05-27 16:59:12', 1, '2020-05-27 16:59:12', 1, 5, 4, 1);
INSERT INTO "field_info_tab" VALUES (32, 26, '2020-05-27 16:59:12', 1, '2020-05-27 16:59:12', 1, 6, 4, 1);
INSERT INTO "field_info_tab" VALUES (33, 88, '2020-05-27 16:59:12', 1, '2020-05-27 16:59:12', 1, 7, 4, 1);
INSERT INTO "field_info_tab" VALUES (34, 94, '2020-05-27 16:59:12', 1, '2020-05-27 16:59:12', 1, 8, 4, 1);
INSERT INTO "field_info_tab" VALUES (35, 173, '2020-05-27 16:59:12', 1, '2020-05-27 16:59:12', 1, 9, 4, 1);
INSERT INTO "field_info_tab" VALUES (36, 174, '2020-05-27 16:59:12', 1, '2020-05-27 16:59:12', 1, 10, 4, 1);
INSERT INTO "field_info_tab" VALUES (37, 175, '2020-05-27 16:59:12', 1, '2020-05-27 16:59:12', 1, 11, 4, 1);
INSERT INTO "field_info_tab" VALUES (38, 180, '2020-05-27 16:59:12', 1, '2020-05-27 16:59:12', 1, 12, 4, 1);
INSERT INTO "field_info_tab" VALUES (39, 176, '2020-05-27 16:59:12', 1, '2020-05-27 16:59:12', 1, 13, 4, 1);
INSERT INTO "field_info_tab" VALUES (40, 178, '2020-05-27 16:59:12', 1, '2020-05-27 16:59:12', 1, 14, 4, 1);
INSERT INTO "field_info_tab" VALUES (41, 179, '2020-05-27 16:59:12', 1, '2020-05-27 16:59:12', 1, 15, 4, 1);
INSERT INTO "field_info_tab" VALUES (42, 96, '2020-05-27 16:59:12', 1, '2020-05-27 16:59:12', 1, 16, 4, 1);
INSERT INTO "field_info_tab" VALUES (43, 97, '2020-05-27 16:59:12', 1, '2020-05-27 16:59:12', 1, 17, 4, 1);
INSERT INTO "field_info_tab" VALUES (44, 98, '2020-05-27 16:59:12', 1, '2020-05-27 16:59:12', 1, 18, 4, 1);
INSERT INTO "field_info_tab" VALUES (45, 99, '2020-05-27 16:59:12', 1, '2020-05-27 16:59:12', 1, 19, 4, 1);
INSERT INTO "field_info_tab" VALUES (46, 171, '2020-05-27 16:59:12', 1, '2020-05-27 16:59:12', 1, 1, 4, 2);
INSERT INTO "field_info_tab" VALUES (47, 172, '2020-05-27 16:59:12', 1, '2020-05-27 16:59:12', 1, 2, 4, 2);
INSERT INTO "field_info_tab" VALUES (48, 180, '2020-05-27 16:59:12', 1, '2020-05-27 16:59:12', 1, 3, 4, 2);
INSERT INTO "field_info_tab" VALUES (49, 175, '2020-05-27 16:59:12', 1, '2020-05-27 16:59:12', 1, 4, 4, 2);
INSERT INTO "field_info_tab" VALUES (50, 177, '2020-05-27 16:59:12', 1, '2020-05-27 16:59:12', 1, 5, 4, 2);
INSERT INTO "field_info_tab" VALUES (51, 174, '2020-05-27 16:59:12', 1, '2020-05-27 16:59:12', 1, 6, 4, 2);
INSERT INTO "field_info_tab" VALUES (52, 173, '2020-05-27 16:59:12', 1, '2020-05-27 16:59:12', 1, 7, 4, 2);
INSERT INTO "field_info_tab" VALUES (53, 96, '2020-05-27 16:59:12', 1, '2020-05-27 16:59:12', 1, 1, 6, 0);
INSERT INTO "field_info_tab" VALUES (54, 83, '2020-05-27 16:59:12', 1, '2020-05-27 16:59:12', 1, 2, 6, 0);
INSERT INTO "field_info_tab" VALUES (55, 85, '2020-05-27 16:59:12', 1, '2020-05-27 16:59:12', 1, 3, 6, 0);
INSERT INTO "field_info_tab" VALUES (56, 87, '2020-05-27 16:59:12', 1, '2020-05-27 16:59:12', 1, 4, 6, 0);
INSERT INTO "field_info_tab" VALUES (57, 25, '2020-05-27 16:59:12', 1, '2020-05-27 16:59:12', 1, 5, 6, 0);
INSERT INTO "field_info_tab" VALUES (58, 26, '2020-05-27 16:59:12', 1, '2020-05-27 16:59:12', 1, 6, 6, 0);
INSERT INTO "field_info_tab" VALUES (59, 88, '2020-05-27 16:59:12', 1, '2020-05-27 16:59:12', 1, 7, 6, 0);
INSERT INTO "field_info_tab" VALUES (60, 94, '2020-05-27 16:59:12', 1, '2020-05-27 16:59:12', 1, 8, 6, 0);
INSERT INTO "field_info_tab" VALUES (61, 173, '2020-05-27 16:59:12', 1, '2020-05-27 16:59:12', 1, 9, 6, 0);
INSERT INTO "field_info_tab" VALUES (62, 174, '2020-05-27 16:59:12', 1, '2020-05-27 16:59:12', 1, 10, 6, 0);
INSERT INTO "field_info_tab" VALUES (63, 175, '2020-05-27 16:59:12', 1, '2020-05-27 16:59:12', 1, 11, 6, 0);
INSERT INTO "field_info_tab" VALUES (64, 180, '2020-05-27 16:59:12', 1, '2020-05-27 16:59:12', 1, 12, 6, 0);
INSERT INTO "field_info_tab" VALUES (65, 176, '2020-05-27 16:59:12', 1, '2020-05-27 16:59:12', 1, 13, 6, 0);
INSERT INTO "field_info_tab" VALUES (66, 178, '2020-05-27 16:59:12', 1, '2020-05-27 16:59:12', 1, 14, 6, 0);
INSERT INTO "field_info_tab" VALUES (67, 179, '2020-05-27 16:59:12', 1, '2020-05-27 16:59:12', 1, 15, 6, 0);
INSERT INTO "field_info_tab" VALUES (68, 96, '2020-05-27 16:59:12', 1, '2020-05-27 16:59:12', 1, 16, 6, 0);
INSERT INTO "field_info_tab" VALUES (69, 97, '2020-05-27 16:59:12', 1, '2020-05-27 16:59:12', 1, 17, 6, 0);
INSERT INTO "field_info_tab" VALUES (70, 98, '2020-05-27 16:59:12', 1, '2020-05-27 16:59:12', 1, 18, 6, 0);
INSERT INTO "field_info_tab" VALUES (71, 99, '2020-05-27 16:59:12', 1, '2020-05-27 16:59:12', 1, 19, 6, 0);
INSERT INTO "field_info_tab" VALUES (72, 1, '2020-05-27 16:59:12', 1, '2020-05-27 16:59:12', 1, 1, 2, 0);
INSERT INTO "field_info_tab" VALUES (73, 2, '2020-05-27 16:59:12', 1, '2020-05-27 16:59:12', 1, 2, 2, 0);
INSERT INTO "field_info_tab" VALUES (74, 3, '2020-05-27 16:59:12', 1, '2020-05-27 16:59:12', 1, 3, 2, 0);
INSERT INTO "field_info_tab" VALUES (75, 4, '2020-05-27 16:59:12', 1, '2020-05-27 16:59:12', 1, 4, 2, 0);
INSERT INTO "field_info_tab" VALUES (76, 5, '2020-05-27 16:59:12', 1, '2020-05-27 16:59:12', 1, 5, 2, 0);
INSERT INTO "field_info_tab" VALUES (77, 6, '2020-05-27 16:59:12', 1, '2020-05-27 16:59:12', 1, 6, 2, 0);
INSERT INTO "field_info_tab" VALUES (78, 7, '2020-05-27 16:59:12', 1, '2020-05-27 16:59:12', 1, 7, 2, 0);
INSERT INTO "field_info_tab" VALUES (79, 8, '2020-05-27 16:59:12', 1, '2020-05-27 16:59:12', 1, 9, 2, 0);
INSERT INTO "field_info_tab" VALUES (80, 9, '2020-05-27 16:59:12', 1, '2020-05-27 16:59:12', 1, 8, 2, 0);
INSERT INTO "field_info_tab" VALUES (81, 10, '2020-05-27 16:59:12', 1, '2020-05-27 16:59:12', 1, 10, 2, 0);
INSERT INTO "field_info_tab" VALUES (82, 11, '2020-05-27 16:59:12', 1, '2020-05-27 16:59:12', 1, 11, 2, 0);
INSERT INTO "field_info_tab" VALUES (83, 12, '2020-05-27 16:59:12', 1, '2020-05-27 16:59:12', 1, 12, 2, 0);
INSERT INTO "field_info_tab" VALUES (84, 13, '2020-05-27 16:59:12', 1, '2020-05-27 16:59:12', 1, 13, 2, 0);
INSERT INTO "field_info_tab" VALUES (85, 14, '2020-05-27 16:59:12', 1, '2020-05-27 16:59:12', 1, 14, 2, 0);
INSERT INTO "field_info_tab" VALUES (86, 15, '2020-05-27 16:59:12', 1, '2020-05-27 16:59:12', 1, 15, 2, 0);
INSERT INTO "field_info_tab" VALUES (87, 16, '2020-05-27 16:59:12', 1, '2020-05-27 16:59:12', 1, 16, 2, 0);
INSERT INTO "field_info_tab" VALUES (88, 17, '2020-05-27 16:59:12', 1, '2020-05-27 16:59:12', 1, 18, 2, 0);
INSERT INTO "field_info_tab" VALUES (89, 18, '2020-05-27 16:59:12', 1, '2020-05-27 16:59:12', 1, 17, 2, 0);
INSERT INTO "field_info_tab" VALUES (90, 19, '2020-05-27 16:59:12', 1, '2020-05-27 16:59:12', 1, 19, 2, 0);
INSERT INTO "field_info_tab" VALUES (91, 20, '2020-05-27 16:59:12', 1, '2020-05-27 16:59:12', 1, 20, 2, 0);
INSERT INTO "field_info_tab" VALUES (92, 132, '2020-05-27 16:59:12', 1, '2020-05-27 16:59:12', 1, 2, 15, 0);
INSERT INTO "field_info_tab" VALUES (93, 133, '2020-05-27 16:59:12', 1, '2020-05-27 16:59:12', 1, 3, 15, 0);
INSERT INTO "field_info_tab" VALUES (94, 134, '2020-05-27 16:59:12', 1, '2020-05-27 16:59:12', 1, 4, 15, 0);
INSERT INTO "field_info_tab" VALUES (95, 135, '2020-05-27 16:59:12', 1, '2020-05-27 16:59:12', 1, 5, 15, 0);
INSERT INTO "field_info_tab" VALUES (96, 136, '2020-05-27 16:59:12', 1, '2020-05-27 16:59:12', 1, 6, 15, 0);
INSERT INTO "field_info_tab" VALUES (97, 137, '2020-05-27 16:59:12', 1, '2020-05-27 16:59:12', 1, 7, 15, 0);
INSERT INTO "field_info_tab" VALUES (98, 138, '2020-05-27 16:59:12', 1, '2020-05-27 16:59:12', 1, 3, 1501, 0);
INSERT INTO "field_info_tab" VALUES (99, 139, '2020-05-27 16:59:12', 1, '2020-05-27 16:59:12', 1, 4, 1501, 0);
INSERT INTO "field_info_tab" VALUES (100, 140, '2020-05-27 16:59:12', 1, '2020-05-27 16:59:12', 1, 9, 15, 0);
INSERT INTO "field_info_tab" VALUES (101, 141, '2020-05-27 16:59:12', 1, '2020-05-27 16:59:12', 1, 8, 15, 0);
INSERT INTO "field_info_tab" VALUES (102, 142, '2020-05-27 16:59:12', 1, '2020-05-27 16:59:12', 1, 10, 15, 0);
INSERT INTO "field_info_tab" VALUES (103, 143, '2020-05-27 16:59:12', 1, '2020-05-27 16:59:12', 1, 11, 15, 0);
INSERT INTO "field_info_tab" VALUES (104, 144, '2020-05-27 16:59:12', 1, '2020-05-27 16:59:12', 1, 12, 15, 0);
INSERT INTO "field_info_tab" VALUES (105, 145, '2020-05-27 16:59:12', 1, '2020-05-27 16:59:12', 1, 13, 15, 0);
INSERT INTO "field_info_tab" VALUES (106, 146, '2020-05-27 16:59:12', 1, '2020-05-27 16:59:12', 1, 14, 15, 0);
INSERT INTO "field_info_tab" VALUES (107, 147, '2020-05-27 16:59:12', 1, '2020-05-27 16:59:12', 1, 15, 15, 0);
INSERT INTO "field_info_tab" VALUES (108, 148, '2020-05-27 16:59:12', 1, '2020-05-27 16:59:12', 1, 16, 15, 0);
INSERT INTO "field_info_tab" VALUES (109, 149, '2020-05-27 16:59:12', 1, '2020-05-27 16:59:12', 1, 17, 15, 0);
INSERT INTO "field_info_tab" VALUES (110, 162, '2020-05-27 16:59:12', 1, '2020-05-27 16:59:12', 1, 2, 1501, 0);
INSERT INTO "field_info_tab" VALUES (111, 163, '2020-05-27 16:59:12', 1, '2020-05-27 16:59:12', 1, 5, 1501, 0);
INSERT INTO "field_info_tab" VALUES (112, 164, '2020-05-27 16:59:12', 1, '2020-05-27 16:59:12', 1, 6, 1501, 0);
INSERT INTO "field_info_tab" VALUES (113, 165, '2020-05-27 16:59:12', 1, '2020-05-27 16:59:12', 1, 7, 1501, 0);
INSERT INTO "field_info_tab" VALUES (114, 166, '2020-05-27 16:59:12', 1, '2020-05-27 16:59:12', 1, 8, 1501, 0);
INSERT INTO "field_info_tab" VALUES (115, 167, '2020-05-27 16:59:12', 1, '2020-05-27 16:59:12', 1, 9, 1501, 0);
INSERT INTO "field_info_tab" VALUES (116, 168, '2020-05-27 16:59:12', 1, '2020-05-27 16:59:12', 1, 10, 1501, 0);
INSERT INTO "field_info_tab" VALUES (117, 169, '2020-05-27 16:59:12', 1, '2020-05-27 16:59:12', 1, 11, 1501, 0);
INSERT INTO "field_info_tab" VALUES (118, 50, '2020-05-27 16:59:12', 1, '2020-05-27 16:59:12', 1, 1, 8, 4);
INSERT INTO "field_info_tab" VALUES (119, 51, '2020-05-27 16:59:12', 1, '2020-05-27 16:59:12', 1, 2, 8, 4);
INSERT INTO "field_info_tab" VALUES (120, 52, '2020-05-27 16:59:12', 1, '2020-05-27 16:59:12', 1, 3, 8, 4);
INSERT INTO "field_info_tab" VALUES (121, 53, '2020-05-27 16:59:12', 1, '2020-05-27 16:59:12', 1, 4, 8, 4);
INSERT INTO "field_info_tab" VALUES (122, 54, '2020-05-27 16:59:12', 1, '2020-05-27 16:59:12', 1, 5, 8, 4);
INSERT INTO "field_info_tab" VALUES (123, 55, '2020-05-27 16:59:12', 1, '2020-05-27 16:59:12', 1, 6, 8, 4);
INSERT INTO "field_info_tab" VALUES (124, 56, '2020-05-27 16:59:12', 1, '2020-05-27 16:59:12', 1, 7, 8, 4);
INSERT INTO "field_info_tab" VALUES (125, 57, '2020-05-27 16:59:12', 1, '2020-05-27 16:59:12', 1, 8, 8, 4);
INSERT INTO "field_info_tab" VALUES (126, 58, '2020-05-27 16:59:12', 1, '2020-05-27 16:59:12', 1, 9, 8, 4);
INSERT INTO "field_info_tab" VALUES (127, 59, '2020-05-27 16:59:12', 1, '2020-05-27 16:59:12', 1, 10, 8, 4);
INSERT INTO "field_info_tab" VALUES (128, 60, '2020-05-27 16:59:12', 1, '2020-05-27 16:59:12', 1, 11, 8, 4);
INSERT INTO "field_info_tab" VALUES (129, 61, '2020-05-27 16:59:12', 1, '2020-05-27 16:59:12', 1, 12, 8, 4);
INSERT INTO "field_info_tab" VALUES (130, 62, '2020-05-27 16:59:12', 1, '2020-05-27 16:59:12', 1, 13, 8, 4);
INSERT INTO "field_info_tab" VALUES (131, 63, '2020-05-27 16:59:12', 1, '2020-05-27 16:59:12', 1, 14, 8, 4);
INSERT INTO "field_info_tab" VALUES (132, 64, '2020-05-27 16:59:12', 1, '2020-05-27 16:59:12', 1, 15, 8, 4);
INSERT INTO "field_info_tab" VALUES (133, 65, '2020-05-27 16:59:12', 1, '2020-05-27 16:59:12', 1, 16, 8, 4);
INSERT INTO "field_info_tab" VALUES (134, 66, '2020-05-27 16:59:12', 1, '2020-05-27 16:59:12', 1, 17, 8, 4);
INSERT INTO "field_info_tab" VALUES (135, 67, '2020-05-27 16:59:12', 1, '2020-05-27 16:59:12', 1, 18, 8, 4);
INSERT INTO "field_info_tab" VALUES (136, 68, '2020-05-27 16:59:12', 1, '2020-05-27 16:59:12', 1, 19, 8, 4);
INSERT INTO "field_info_tab" VALUES (137, 69, '2020-05-27 16:59:12', 1, '2020-05-27 16:59:12', 1, 20, 8, 4);
INSERT INTO "field_info_tab" VALUES (138, 21, '2020-05-27 16:59:12', 1, '2020-05-27 16:59:12', 1, 1, 8, 3);
INSERT INTO "field_info_tab" VALUES (139, 22, '2020-05-27 16:59:12', 1, '2020-05-27 16:59:12', 1, 2, 8, 3);
INSERT INTO "field_info_tab" VALUES (140, 23, '2020-05-27 16:59:12', 1, '2020-05-27 16:59:12', 1, 3, 8, 3);
INSERT INTO "field_info_tab" VALUES (141, 24, '2020-05-27 16:59:12', 1, '2020-05-27 16:59:12', 1, 4, 8, 3);
INSERT INTO "field_info_tab" VALUES (142, 25, '2020-05-27 16:59:12', 1, '2020-05-27 16:59:12', 1, 5, 8, 3);
INSERT INTO "field_info_tab" VALUES (143, 26, '2020-05-27 16:59:12', 1, '2020-05-27 16:59:12', 1, 6, 8, 3);
INSERT INTO "field_info_tab" VALUES (144, 27, '2020-05-27 16:59:12', 1, '2020-05-27 16:59:12', 1, 7, 8, 3);
INSERT INTO "field_info_tab" VALUES (145, 28, '2020-05-27 16:59:12', 1, '2020-05-27 16:59:12', 1, 8, 8, 3);
INSERT INTO "field_info_tab" VALUES (146, 29, '2020-05-27 16:59:12', 1, '2020-05-27 16:59:12', 1, 9, 8, 3);
INSERT INTO "field_info_tab" VALUES (147, 30, '2020-05-27 16:59:12', 1, '2020-05-27 16:59:12', 1, 10, 8, 3);
INSERT INTO "field_info_tab" VALUES (148, 31, '2020-05-27 16:59:12', 1, '2020-05-27 16:59:12', 1, 11, 8, 3);
INSERT INTO "field_info_tab" VALUES (149, 32, '2020-05-27 16:59:12', 1, '2020-05-27 16:59:12', 1, 12, 8, 3);
INSERT INTO "field_info_tab" VALUES (150, 33, '2020-05-27 16:59:12', 1, '2020-05-27 16:59:12', 1, 13, 8, 3);
INSERT INTO "field_info_tab" VALUES (151, 34, '2020-05-27 16:59:12', 1, '2020-05-27 16:59:12', 1, 14, 8, 3);
INSERT INTO "field_info_tab" VALUES (152, 35, '2020-05-27 16:59:12', 1, '2020-05-27 16:59:12', 1, 15, 8, 3);
INSERT INTO "field_info_tab" VALUES (153, 36, '2020-05-27 16:59:12', 1, '2020-05-27 16:59:12', 1, 16, 8, 3);
INSERT INTO "field_info_tab" VALUES (154, 37, '2020-05-27 16:59:12', 1, '2020-05-27 16:59:12', 1, 17, 8, 3);
INSERT INTO "field_info_tab" VALUES (155, 38, '2020-05-27 16:59:12', 1, '2020-05-27 16:59:12', 1, 18, 8, 3);
INSERT INTO "field_info_tab" VALUES (156, 39, '2020-05-27 16:59:12', 1, '2020-05-27 16:59:12', 1, 19, 8, 3);
INSERT INTO "field_info_tab" VALUES (157, 40, '2020-05-27 16:59:12', 1, '2020-05-27 16:59:12', 1, 20, 8, 3);
INSERT INTO "field_info_tab" VALUES (158, 41, '2020-05-27 16:59:12', 1, '2020-05-27 16:59:12', 1, 21, 8, 3);
INSERT INTO "field_info_tab" VALUES (159, 42, '2020-05-27 16:59:12', 1, '2020-05-27 16:59:12', 1, 22, 8, 3);
INSERT INTO "field_info_tab" VALUES (160, 43, '2020-05-27 16:59:12', 1, '2020-05-27 16:59:12', 1, 23, 8, 3);
INSERT INTO "field_info_tab" VALUES (161, 44, '2020-05-27 16:59:12', 1, '2020-05-27 16:59:12', 1, 24, 8, 3);
INSERT INTO "field_info_tab" VALUES (162, 45, '2020-05-27 16:59:12', 1, '2020-05-27 16:59:12', 1, 25, 8, 3);
INSERT INTO "field_info_tab" VALUES (163, 46, '2020-05-27 16:59:12', 1, '2020-05-27 16:59:12', 1, 26, 8, 3);
INSERT INTO "field_info_tab" VALUES (164, 47, '2020-05-27 16:59:12', 1, '2020-05-27 16:59:12', 1, 27, 8, 3);
INSERT INTO "field_info_tab" VALUES (165, 48, '2020-05-27 16:59:12', 1, '2020-05-27 16:59:12', 1, 28, 8, 3);
INSERT INTO "field_info_tab" VALUES (166, 49, '2020-05-27 16:59:12', 1, '2020-05-27 16:59:12', 1, 29, 8, 3);
INSERT INTO "field_info_tab" VALUES (167, 132, '2020-05-27 16:59:12', 1, '2020-05-27 16:59:12', 1, 1, 8, 5);
INSERT INTO "field_info_tab" VALUES (168, 133, '2020-05-27 16:59:12', 1, '2020-05-27 16:59:12', 1, 2, 8, 5);
INSERT INTO "field_info_tab" VALUES (169, 134, '2020-05-27 16:59:12', 1, '2020-05-27 16:59:12', 1, 3, 8, 5);
INSERT INTO "field_info_tab" VALUES (170, 135, '2020-05-27 16:59:12', 1, '2020-05-27 16:59:12', 1, 4, 8, 5);
INSERT INTO "field_info_tab" VALUES (171, 136, '2020-05-27 16:59:12', 1, '2020-05-27 16:59:12', 1, 5, 8, 5);
INSERT INTO "field_info_tab" VALUES (172, 137, '2020-05-27 16:59:12', 1, '2020-05-27 16:59:12', 1, 6, 8, 5);
INSERT INTO "field_info_tab" VALUES (173, 140, '2020-05-27 16:59:12', 1, '2020-05-27 16:59:12', 1, 7, 8, 5);
INSERT INTO "field_info_tab" VALUES (174, 141, '2020-05-27 16:59:12', 1, '2020-05-27 16:59:12', 1, 8, 8, 5);
INSERT INTO "field_info_tab" VALUES (175, 142, '2020-05-27 16:59:12', 1, '2020-05-27 16:59:12', 1, 9, 8, 5);
INSERT INTO "field_info_tab" VALUES (176, 143, '2020-05-27 16:59:12', 1, '2020-05-27 16:59:12', 1, 10, 8, 5);
INSERT INTO "field_info_tab" VALUES (177, 144, '2020-05-27 16:59:12', 1, '2020-05-27 16:59:12', 1, 11, 8, 5);
INSERT INTO "field_info_tab" VALUES (178, 145, '2020-05-27 16:59:12', 1, '2020-05-27 16:59:12', 1, 12, 8, 5);
INSERT INTO "field_info_tab" VALUES (179, 146, '2020-05-27 16:59:12', 1, '2020-05-27 16:59:12', 1, 13, 8, 5);
INSERT INTO "field_info_tab" VALUES (180, 147, '2020-05-27 16:59:12', 1, '2020-05-27 16:59:12', 1, 14, 8, 5);
INSERT INTO "field_info_tab" VALUES (181, 148, '2020-05-27 16:59:12', 1, '2020-05-27 16:59:12', 1, 15, 8, 5);
INSERT INTO "field_info_tab" VALUES (182, 149, '2020-05-27 16:59:12', 1, '2020-05-27 16:59:12', 1, 16, 8, 5);
INSERT INTO "field_info_tab" VALUES (183, 170, '2020-05-27 16:59:12', 1, '2020-05-27 16:59:12', 1, 1, 8, 1);
INSERT INTO "field_info_tab" VALUES (184, 171, '2020-05-27 16:59:12', 1, '2020-05-27 16:59:12', 1, 2, 8, 1);
INSERT INTO "field_info_tab" VALUES (185, 172, '2020-05-27 16:59:12', 1, '2020-05-27 16:59:12', 1, 3, 8, 1);
INSERT INTO "field_info_tab" VALUES (186, 173, '2020-05-27 16:59:12', 1, '2020-05-27 16:59:12', 1, 4, 8, 1);
INSERT INTO "field_info_tab" VALUES (187, 174, '2020-05-27 16:59:12', 1, '2020-05-27 16:59:12', 1, 5, 8, 1);
INSERT INTO "field_info_tab" VALUES (188, 175, '2020-05-27 16:59:12', 1, '2020-05-27 16:59:12', 1, 6, 8, 1);
INSERT INTO "field_info_tab" VALUES (189, 176, '2020-05-27 16:59:12', 1, '2020-05-27 16:59:12', 1, 7, 8, 1);
INSERT INTO "field_info_tab" VALUES (190, 177, '2020-05-27 16:59:12', 1, '2020-05-27 16:59:12', 1, 8, 8, 1);
INSERT INTO "field_info_tab" VALUES (191, 178, '2020-05-27 16:59:12', 1, '2020-05-27 16:59:12', 1, 9, 8, 1);
INSERT INTO "field_info_tab" VALUES (192, 179, '2020-05-27 16:59:12', 1, '2020-05-27 16:59:12', 1, 10, 8, 1);
INSERT INTO "field_info_tab" VALUES (193, 180, '2020-05-27 16:59:12', 1, '2020-05-27 16:59:12', 1, 11, 8, 1);
INSERT INTO "field_info_tab" VALUES (194, 181, '2020-05-27 16:59:12', 1, '2020-05-27 16:59:12', 1, 12, 8, 1);
INSERT INTO "field_info_tab" VALUES (195, 182, '2020-05-27 16:59:12', 1, '2020-05-27 16:59:12', 1, 13, 8, 1);
INSERT INTO "field_info_tab" VALUES (196, 183, '2020-05-27 16:59:12', 1, '2020-05-27 16:59:12', 1, 14, 8, 1);
INSERT INTO "field_info_tab" VALUES (197, 184, '2020-05-27 16:59:12', 1, '2020-05-27 16:59:12', 1, 15, 8, 1);
INSERT INTO "field_info_tab" VALUES (198, 170, '2020-05-27 16:59:12', 1, '2020-05-27 16:59:12', 1, 1, 5, 1);
INSERT INTO "field_info_tab" VALUES (199, 171, '2020-05-27 16:59:12', 1, '2020-05-27 16:59:12', 1, 2, 5, 1);
INSERT INTO "field_info_tab" VALUES (200, 172, '2020-05-27 16:59:12', 1, '2020-05-27 16:59:12', 1, 3, 5, 1);
INSERT INTO "field_info_tab" VALUES (201, 173, '2020-05-27 16:59:12', 1, '2020-05-27 16:59:12', 1, 4, 5, 1);
INSERT INTO "field_info_tab" VALUES (202, 174, '2020-05-27 16:59:12', 1, '2020-05-27 16:59:12', 1, 5, 5, 1);
INSERT INTO "field_info_tab" VALUES (203, 175, '2020-05-27 16:59:12', 1, '2020-05-27 16:59:12', 1, 6, 5, 1);
INSERT INTO "field_info_tab" VALUES (204, 176, '2020-05-27 16:59:12', 1, '2020-05-27 16:59:12', 1, 7, 5, 1);
INSERT INTO "field_info_tab" VALUES (205, 177, '2020-05-27 16:59:12', 1, '2020-05-27 16:59:12', 1, 8, 5, 1);
INSERT INTO "field_info_tab" VALUES (206, 178, '2020-05-27 16:59:12', 1, '2020-05-27 16:59:12', 1, 9, 5, 1);
INSERT INTO "field_info_tab" VALUES (207, 179, '2020-05-27 16:59:12', 1, '2020-05-27 16:59:12', 1, 10, 5, 1);
INSERT INTO "field_info_tab" VALUES (208, 180, '2020-05-27 16:59:12', 1, '2020-05-27 16:59:12', 1, 11, 5, 1);
INSERT INTO "field_info_tab" VALUES (209, 181, '2020-05-27 16:59:12', 1, '2020-05-27 16:59:12', 1, 12, 5, 1);
INSERT INTO "field_info_tab" VALUES (210, 182, '2020-05-27 16:59:12', 1, '2020-05-27 16:59:12', 1, 13, 5, 1);
INSERT INTO "field_info_tab" VALUES (211, 183, '2020-05-27 16:59:12', 1, '2020-05-27 16:59:12', 1, 14, 5, 1);
INSERT INTO "field_info_tab" VALUES (212, 184, '2020-05-27 16:59:12', 1, '2020-05-27 16:59:12', 1, 15, 5, 1);
INSERT INTO "field_info_tab" VALUES (213, 132, '2020-05-27 16:59:12', 1, '2020-05-27 16:59:12', 1, 1, 5, 5);
INSERT INTO "field_info_tab" VALUES (214, 133, '2020-05-27 16:59:12', 1, '2020-05-27 16:59:12', 1, 2, 5, 5);
INSERT INTO "field_info_tab" VALUES (215, 134, '2020-05-27 16:59:12', 1, '2020-05-27 16:59:12', 1, 3, 5, 5);
INSERT INTO "field_info_tab" VALUES (216, 135, '2020-05-27 16:59:12', 1, '2020-05-27 16:59:12', 1, 4, 5, 5);
INSERT INTO "field_info_tab" VALUES (217, 136, '2020-05-27 16:59:12', 1, '2020-05-27 16:59:12', 1, 5, 5, 5);
INSERT INTO "field_info_tab" VALUES (218, 137, '2020-05-27 16:59:12', 1, '2020-05-27 16:59:12', 1, 6, 5, 5);
INSERT INTO "field_info_tab" VALUES (219, 140, '2020-05-27 16:59:12', 1, '2020-05-27 16:59:12', 1, 7, 5, 5);
INSERT INTO "field_info_tab" VALUES (220, 141, '2020-05-27 16:59:12', 1, '2020-05-27 16:59:12', 1, 8, 5, 5);
INSERT INTO "field_info_tab" VALUES (221, 142, '2020-05-27 16:59:12', 1, '2020-05-27 16:59:12', 1, 9, 5, 5);
INSERT INTO "field_info_tab" VALUES (222, 143, '2020-05-27 16:59:12', 1, '2020-05-27 16:59:12', 1, 10, 5, 5);
INSERT INTO "field_info_tab" VALUES (223, 144, '2020-05-27 16:59:12', 1, '2020-05-27 16:59:12', 1, 11, 5, 5);
INSERT INTO "field_info_tab" VALUES (224, 145, '2020-05-27 16:59:12', 1, '2020-05-27 16:59:12', 1, 12, 5, 5);
INSERT INTO "field_info_tab" VALUES (225, 146, '2020-05-27 16:59:12', 1, '2020-05-27 16:59:12', 1, 13, 5, 5);
INSERT INTO "field_info_tab" VALUES (226, 147, '2020-05-27 16:59:12', 1, '2020-05-27 16:59:12', 1, 14, 5, 5);
INSERT INTO "field_info_tab" VALUES (227, 148, '2020-05-27 16:59:12', 1, '2020-05-27 16:59:12', 1, 15, 5, 5);
INSERT INTO "field_info_tab" VALUES (228, 149, '2020-05-27 16:59:12', 1, '2020-05-27 16:59:12', 1, 16, 5, 5);
INSERT INTO "field_info_tab" VALUES (229, 130, '2020-05-27 16:59:12', 1, '2020-05-27 16:59:12', 1, 14, 1401, 0);
INSERT INTO "field_info_tab" VALUES (230, 131, '2020-05-27 16:59:12', 1, '2020-05-27 16:59:12', 1, 15, 1401, 0);
INSERT INTO "field_info_tab" VALUES (231, 171, '2020-05-27 16:59:12', 1, '2020-05-27 16:59:12', 1, 1, 14, 1);
INSERT INTO "field_info_tab" VALUES (232, 178, '2020-05-27 16:59:12', 1, '2020-05-27 16:59:12', 1, 2, 14, 1);
INSERT INTO "field_info_tab" VALUES (233, 176, '2020-05-27 16:59:12', 1, '2020-05-27 16:59:12', 1, 3, 14, 1);
INSERT INTO "field_info_tab" VALUES (234, 175, '2020-05-27 16:59:12', 1, '2020-05-27 16:59:12', 1, 4, 14, 1);
INSERT INTO "field_info_tab" VALUES (235, 150, '2020-05-27 16:59:12', 1, '2020-05-27 16:59:12', 1, 1, 1502, 0);
INSERT INTO "field_info_tab" VALUES (236, 151, '2020-05-27 16:59:12', 1, '2020-05-27 16:59:12', 1, 2, 1502, 0);
INSERT INTO "field_info_tab" VALUES (237, 152, '2020-05-27 16:59:12', 1, '2020-05-27 16:59:12', 1, 3, 1502, 0);
INSERT INTO "field_info_tab" VALUES (238, 153, '2020-05-27 16:59:12', 1, '2020-05-27 16:59:12', 1, 4, 1502, 0);
INSERT INTO "field_info_tab" VALUES (239, 154, '2020-05-27 16:59:12', 1, '2020-05-27 16:59:12', 1, 5, 1502, 0);
INSERT INTO "field_info_tab" VALUES (240, 155, '2020-05-27 16:59:12', 1, '2020-05-27 16:59:12', 1, 6, 1502, 0);
INSERT INTO "field_info_tab" VALUES (241, 156, '2020-05-27 16:59:12', 1, '2020-05-27 16:59:12', 1, 7, 1502, 0);
INSERT INTO "field_info_tab" VALUES (242, 157, '2020-05-27 16:59:12', 1, '2020-05-27 16:59:12', 1, 8, 1502, 0);
INSERT INTO "field_info_tab" VALUES (243, 158, '2020-05-27 16:59:12', 1, '2020-05-27 16:59:12', 1, 9, 1502, 0);
INSERT INTO "field_info_tab" VALUES (244, 159, '2020-05-27 16:59:12', 1, '2020-05-27 16:59:12', 1, 10, 1502, 0);
INSERT INTO "field_info_tab" VALUES (245, 160, '2020-05-27 16:59:12', 1, '2020-05-27 16:59:12', 1, 11, 1502, 0);
INSERT INTO "field_info_tab" VALUES (246, 161, '2020-05-27 16:59:12', 1, '2020-05-27 16:59:12', 1, 12, 1502, 0);
INSERT INTO "field_info_tab" VALUES (247, 187, '2020-05-27 16:59:12', 1, '2020-05-27 16:59:12', 1, 1, 1501, 0);
INSERT INTO "field_info_tab" VALUES (248, 188, '2020-05-27 16:59:12', 1, '2020-05-27 16:59:12', 1, 1, 15, 0);

-- ----------------------------
-- Table structure for field_info_tab_personal
-- ----------------------------
DROP TABLE IF EXISTS "field_info_tab_personal";
CREATE TABLE "field_info_tab_personal" (
  "field_info_tab_personal_id" int8 NOT NULL,
  "field_info_tab_id" int8 NOT NULL,
  "employee_id" int8 NOT NULL,
  "column_width" int4,
  "is_column_fixed" bool,
  "created_date" timestamp(6) NOT NULL,
  "created_user" int8 NOT NULL,
  "updated_date" timestamp(6) NOT NULL,
  "updated_user" int8 NOT NULL
)
;

-- ----------------------------
-- Records of field_info_tab_personal
-- ----------------------------
INSERT INTO "field_info_tab_personal" VALUES (1, 1, 0, NULL, 'f', '2020-05-27 16:59:12', 1, '2020-05-27 16:59:12', 1);
INSERT INTO "field_info_tab_personal" VALUES (2, 2, 0, NULL, 'f', '2020-05-27 16:59:12', 1, '2020-05-27 16:59:12', 1);
INSERT INTO "field_info_tab_personal" VALUES (3, 3, 0, NULL, 'f', '2020-05-27 16:59:12', 1, '2020-05-27 16:59:12', 1);
INSERT INTO "field_info_tab_personal" VALUES (4, 4, 0, NULL, 'f', '2020-05-27 16:59:12', 1, '2020-05-27 16:59:12', 1);
INSERT INTO "field_info_tab_personal" VALUES (5, 5, 0, NULL, 'f', '2020-05-27 16:59:12', 1, '2020-05-27 16:59:12', 1);
INSERT INTO "field_info_tab_personal" VALUES (6, 6, 0, NULL, 'f', '2020-05-27 16:59:12', 1, '2020-05-27 16:59:12', 1);
INSERT INTO "field_info_tab_personal" VALUES (7, 7, 0, NULL, 'f', '2020-05-27 16:59:12', 1, '2020-05-27 16:59:12', 1);
INSERT INTO "field_info_tab_personal" VALUES (8, 8, 0, NULL, 'f', '2020-05-27 16:59:12', 1, '2020-05-27 16:59:12', 1);
INSERT INTO "field_info_tab_personal" VALUES (9, 9, 0, NULL, 'f', '2020-05-27 16:59:12', 1, '2020-05-27 16:59:12', 1);
INSERT INTO "field_info_tab_personal" VALUES (10, 10, 0, NULL, 'f', '2020-05-27 16:59:12', 1, '2020-05-27 16:59:12', 1);
INSERT INTO "field_info_tab_personal" VALUES (11, 11, 0, NULL, 'f', '2020-05-27 16:59:12', 1, '2020-05-27 16:59:12', 1);
INSERT INTO "field_info_tab_personal" VALUES (12, 12, 0, NULL, 'f', '2020-05-27 16:59:12', 1, '2020-05-27 16:59:12', 1);
INSERT INTO "field_info_tab_personal" VALUES (13, 13, 0, NULL, 'f', '2020-05-27 16:59:12', 1, '2020-05-27 16:59:12', 1);
INSERT INTO "field_info_tab_personal" VALUES (14, 14, 0, NULL, 'f', '2020-05-27 16:59:12', 1, '2020-05-27 16:59:12', 1);
INSERT INTO "field_info_tab_personal" VALUES (15, 15, 0, NULL, 'f', '2020-05-27 16:59:12', 1, '2020-05-27 16:59:12', 1);
INSERT INTO "field_info_tab_personal" VALUES (16, 16, 0, NULL, 'f', '2020-05-27 16:59:12', 1, '2020-05-27 16:59:12', 1);
INSERT INTO "field_info_tab_personal" VALUES (17, 17, 0, NULL, 'f', '2020-05-27 16:59:12', 1, '2020-05-27 16:59:12', 1);
INSERT INTO "field_info_tab_personal" VALUES (18, 18, 0, NULL, 'f', '2020-05-27 16:59:12', 1, '2020-05-27 16:59:12', 1);
INSERT INTO "field_info_tab_personal" VALUES (19, 19, 0, NULL, 'f', '2020-05-27 16:59:12', 1, '2020-05-27 16:59:12', 1);
INSERT INTO "field_info_tab_personal" VALUES (20, 20, 0, NULL, 'f', '2020-05-27 16:59:12', 1, '2020-05-27 16:59:12', 1);
INSERT INTO "field_info_tab_personal" VALUES (21, 21, 0, NULL, 'f', '2020-05-27 16:59:12', 1, '2020-05-27 16:59:12', 1);
INSERT INTO "field_info_tab_personal" VALUES (22, 22, 0, NULL, 'f', '2020-05-27 16:59:12', 1, '2020-05-27 16:59:12', 1);
INSERT INTO "field_info_tab_personal" VALUES (23, 23, 0, NULL, 'f', '2020-05-27 16:59:12', 1, '2020-05-27 16:59:12', 1);
INSERT INTO "field_info_tab_personal" VALUES (25, 25, 0, NULL, 'f', '2020-05-27 16:59:12', 1, '2020-05-27 16:59:12', 1);
INSERT INTO "field_info_tab_personal" VALUES (26, 26, 0, NULL, 'f', '2020-05-27 16:59:12', 1, '2020-05-27 16:59:12', 1);
INSERT INTO "field_info_tab_personal" VALUES (27, 27, 0, NULL, 'f', '2020-05-27 16:59:12', 1, '2020-05-27 16:59:12', 1);
INSERT INTO "field_info_tab_personal" VALUES (28, 28, 0, NULL, 'f', '2020-05-27 16:59:12', 1, '2020-05-27 16:59:12', 1);
INSERT INTO "field_info_tab_personal" VALUES (29, 29, 0, NULL, 'f', '2020-05-27 16:59:12', 1, '2020-05-27 16:59:12', 1);
INSERT INTO "field_info_tab_personal" VALUES (31, 31, 0, NULL, 'f', '2020-05-27 16:59:12', 1, '2020-05-27 16:59:12', 1);
INSERT INTO "field_info_tab_personal" VALUES (32, 32, 0, NULL, 'f', '2020-05-27 16:59:12', 1, '2020-05-27 16:59:12', 1);
INSERT INTO "field_info_tab_personal" VALUES (33, 33, 0, NULL, 'f', '2020-05-27 16:59:12', 1, '2020-05-27 16:59:12', 1);
INSERT INTO "field_info_tab_personal" VALUES (34, 34, 0, NULL, 'f', '2020-05-27 16:59:12', 1, '2020-05-27 16:59:12', 1);
INSERT INTO "field_info_tab_personal" VALUES (35, 35, 0, NULL, 'f', '2020-05-27 16:59:12', 1, '2020-05-27 16:59:12', 1);
INSERT INTO "field_info_tab_personal" VALUES (36, 36, 0, NULL, 'f', '2020-05-27 16:59:12', 1, '2020-05-27 16:59:12', 1);
INSERT INTO "field_info_tab_personal" VALUES (37, 37, 0, NULL, 'f', '2020-05-27 16:59:12', 1, '2020-05-27 16:59:12', 1);
INSERT INTO "field_info_tab_personal" VALUES (38, 38, 0, NULL, 'f', '2020-05-27 16:59:12', 1, '2020-05-27 16:59:12', 1);
INSERT INTO "field_info_tab_personal" VALUES (39, 39, 0, NULL, 'f', '2020-05-27 16:59:12', 1, '2020-05-27 16:59:12', 1);
INSERT INTO "field_info_tab_personal" VALUES (40, 40, 0, NULL, 'f', '2020-05-27 16:59:12', 1, '2020-05-27 16:59:12', 1);
INSERT INTO "field_info_tab_personal" VALUES (41, 41, 0, NULL, 'f', '2020-05-27 16:59:12', 1, '2020-05-27 16:59:12', 1);
INSERT INTO "field_info_tab_personal" VALUES (42, 42, 0, NULL, 'f', '2020-05-27 16:59:12', 1, '2020-05-27 16:59:12', 1);
INSERT INTO "field_info_tab_personal" VALUES (43, 43, 0, NULL, 'f', '2020-05-27 16:59:12', 1, '2020-05-27 16:59:12', 1);
INSERT INTO "field_info_tab_personal" VALUES (44, 44, 0, NULL, 'f', '2020-05-27 16:59:12', 1, '2020-05-27 16:59:12', 1);
INSERT INTO "field_info_tab_personal" VALUES (45, 45, 0, NULL, 'f', '2020-05-27 16:59:12', 1, '2020-05-27 16:59:12', 1);
INSERT INTO "field_info_tab_personal" VALUES (46, 46, 0, NULL, 'f', '2020-05-27 16:59:12', 1, '2020-05-27 16:59:12', 1);
INSERT INTO "field_info_tab_personal" VALUES (47, 47, 0, NULL, 'f', '2020-05-27 16:59:12', 1, '2020-05-27 16:59:12', 1);
INSERT INTO "field_info_tab_personal" VALUES (48, 48, 0, NULL, 'f', '2020-05-27 16:59:12', 1, '2020-05-27 16:59:12', 1);
INSERT INTO "field_info_tab_personal" VALUES (49, 49, 0, NULL, 'f', '2020-05-27 16:59:12', 1, '2020-05-27 16:59:12', 1);
INSERT INTO "field_info_tab_personal" VALUES (50, 50, 0, NULL, 'f', '2020-05-27 16:59:12', 1, '2020-05-27 16:59:12', 1);
INSERT INTO "field_info_tab_personal" VALUES (52, 52, 0, NULL, 'f', '2020-05-27 16:59:12', 1, '2020-05-27 16:59:12', 1);
INSERT INTO "field_info_tab_personal" VALUES (53, 53, 0, NULL, 'f', '2020-05-27 16:59:12', 1, '2020-05-27 16:59:12', 1);
INSERT INTO "field_info_tab_personal" VALUES (54, 54, 0, NULL, 'f', '2020-05-27 16:59:12', 1, '2020-05-27 16:59:12', 1);
INSERT INTO "field_info_tab_personal" VALUES (55, 55, 0, NULL, 'f', '2020-05-27 16:59:12', 1, '2020-05-27 16:59:12', 1);
INSERT INTO "field_info_tab_personal" VALUES (56, 56, 0, NULL, 'f', '2020-05-27 16:59:12', 1, '2020-05-27 16:59:12', 1);
INSERT INTO "field_info_tab_personal" VALUES (57, 57, 0, NULL, 'f', '2020-05-27 16:59:12', 1, '2020-05-27 16:59:12', 1);
INSERT INTO "field_info_tab_personal" VALUES (58, 58, 0, NULL, 'f', '2020-05-27 16:59:12', 1, '2020-05-27 16:59:12', 1);
INSERT INTO "field_info_tab_personal" VALUES (59, 59, 0, NULL, 'f', '2020-05-27 16:59:12', 1, '2020-05-27 16:59:12', 1);
INSERT INTO "field_info_tab_personal" VALUES (60, 60, 0, NULL, 'f', '2020-05-27 16:59:12', 1, '2020-05-27 16:59:12', 1);
INSERT INTO "field_info_tab_personal" VALUES (61, 61, 0, NULL, 'f', '2020-05-27 16:59:12', 1, '2020-05-27 16:59:12', 1);
INSERT INTO "field_info_tab_personal" VALUES (62, 62, 0, NULL, 'f', '2020-05-27 16:59:12', 1, '2020-05-27 16:59:12', 1);
INSERT INTO "field_info_tab_personal" VALUES (63, 63, 0, NULL, 'f', '2020-05-27 16:59:12', 1, '2020-05-27 16:59:12', 1);
INSERT INTO "field_info_tab_personal" VALUES (64, 64, 0, NULL, 'f', '2020-05-27 16:59:12', 1, '2020-05-27 16:59:12', 1);
INSERT INTO "field_info_tab_personal" VALUES (65, 65, 0, NULL, 'f', '2020-05-27 16:59:12', 1, '2020-05-27 16:59:12', 1);
INSERT INTO "field_info_tab_personal" VALUES (66, 66, 0, NULL, 'f', '2020-05-27 16:59:12', 1, '2020-05-27 16:59:12', 1);
INSERT INTO "field_info_tab_personal" VALUES (67, 67, 0, NULL, 'f', '2020-05-27 16:59:12', 1, '2020-05-27 16:59:12', 1);
INSERT INTO "field_info_tab_personal" VALUES (68, 68, 0, NULL, 'f', '2020-05-27 16:59:12', 1, '2020-05-27 16:59:12', 1);
INSERT INTO "field_info_tab_personal" VALUES (69, 69, 0, NULL, 'f', '2020-05-27 16:59:12', 1, '2020-05-27 16:59:12', 1);
INSERT INTO "field_info_tab_personal" VALUES (70, 70, 0, NULL, 'f', '2020-05-27 16:59:12', 1, '2020-05-27 16:59:12', 1);
INSERT INTO "field_info_tab_personal" VALUES (71, 71, 0, NULL, 'f', '2020-05-27 16:59:12', 1, '2020-05-27 16:59:12', 1);
INSERT INTO "field_info_tab_personal" VALUES (72, 72, 0, NULL, 'f', '2020-05-27 16:59:12', 1, '2020-05-27 16:59:12', 1);
INSERT INTO "field_info_tab_personal" VALUES (73, 73, 0, NULL, 'f', '2020-05-27 16:59:12', 1, '2020-05-27 16:59:12', 1);
INSERT INTO "field_info_tab_personal" VALUES (74, 74, 0, NULL, 'f', '2020-05-27 16:59:12', 1, '2020-05-27 16:59:12', 1);
INSERT INTO "field_info_tab_personal" VALUES (75, 75, 0, NULL, 'f', '2020-05-27 16:59:12', 1, '2020-05-27 16:59:12', 1);
INSERT INTO "field_info_tab_personal" VALUES (76, 76, 0, NULL, 'f', '2020-05-27 16:59:12', 1, '2020-05-27 16:59:12', 1);
INSERT INTO "field_info_tab_personal" VALUES (77, 77, 0, NULL, 'f', '2020-05-27 16:59:12', 1, '2020-05-27 16:59:12', 1);
INSERT INTO "field_info_tab_personal" VALUES (78, 78, 0, NULL, 'f', '2020-05-27 16:59:12', 1, '2020-05-27 16:59:12', 1);
INSERT INTO "field_info_tab_personal" VALUES (79, 79, 0, NULL, 'f', '2020-05-27 16:59:12', 1, '2020-05-27 16:59:12', 1);
INSERT INTO "field_info_tab_personal" VALUES (80, 80, 0, NULL, 'f', '2020-05-27 16:59:12', 1, '2020-05-27 16:59:12', 1);
INSERT INTO "field_info_tab_personal" VALUES (81, 81, 0, NULL, 'f', '2020-05-27 16:59:12', 1, '2020-05-27 16:59:12', 1);
INSERT INTO "field_info_tab_personal" VALUES (82, 82, 0, NULL, 'f', '2020-05-27 16:59:12', 1, '2020-05-27 16:59:12', 1);
INSERT INTO "field_info_tab_personal" VALUES (83, 83, 0, NULL, 'f', '2020-05-27 16:59:12', 1, '2020-05-27 16:59:12', 1);
INSERT INTO "field_info_tab_personal" VALUES (84, 84, 0, NULL, 'f', '2020-05-27 16:59:12', 1, '2020-05-27 16:59:12', 1);
INSERT INTO "field_info_tab_personal" VALUES (85, 85, 0, NULL, 'f', '2020-05-27 16:59:12', 1, '2020-05-27 16:59:12', 1);
INSERT INTO "field_info_tab_personal" VALUES (86, 86, 0, NULL, 'f', '2020-05-27 16:59:12', 1, '2020-05-27 16:59:12', 1);
INSERT INTO "field_info_tab_personal" VALUES (87, 87, 0, NULL, 'f', '2020-05-27 16:59:12', 1, '2020-05-27 16:59:12', 1);
INSERT INTO "field_info_tab_personal" VALUES (88, 88, 0, NULL, 'f', '2020-05-27 16:59:12', 1, '2020-05-27 16:59:12', 1);
INSERT INTO "field_info_tab_personal" VALUES (89, 89, 0, NULL, 'f', '2020-05-27 16:59:12', 1, '2020-05-27 16:59:12', 1);
INSERT INTO "field_info_tab_personal" VALUES (90, 90, 0, NULL, 'f', '2020-05-27 16:59:12', 1, '2020-05-27 16:59:12', 1);
INSERT INTO "field_info_tab_personal" VALUES (91, 91, 0, NULL, 'f', '2020-05-27 16:59:12', 1, '2020-05-27 16:59:12', 1);
INSERT INTO "field_info_tab_personal" VALUES (92, 92, 0, NULL, 'f', '2020-05-27 16:59:12', 1, '2020-05-27 16:59:12', 1);
INSERT INTO "field_info_tab_personal" VALUES (93, 93, 0, NULL, 'f', '2020-05-27 16:59:12', 1, '2020-05-27 16:59:12', 1);
INSERT INTO "field_info_tab_personal" VALUES (94, 94, 0, NULL, 'f', '2020-05-27 16:59:12', 1, '2020-05-27 16:59:12', 1);
INSERT INTO "field_info_tab_personal" VALUES (95, 95, 0, NULL, 'f', '2020-05-27 16:59:12', 1, '2020-05-27 16:59:12', 1);
INSERT INTO "field_info_tab_personal" VALUES (96, 96, 0, NULL, 'f', '2020-05-27 16:59:12', 1, '2020-05-27 16:59:12', 1);
INSERT INTO "field_info_tab_personal" VALUES (97, 97, 0, NULL, 'f', '2020-05-27 16:59:12', 1, '2020-05-27 16:59:12', 1);
INSERT INTO "field_info_tab_personal" VALUES (98, 98, 0, NULL, 'f', '2020-05-27 16:59:12', 1, '2020-05-27 16:59:12', 1);
INSERT INTO "field_info_tab_personal" VALUES (99, 99, 0, NULL, 'f', '2020-05-27 16:59:12', 1, '2020-05-27 16:59:12', 1);
INSERT INTO "field_info_tab_personal" VALUES (100, 100, 0, NULL, 'f', '2020-05-27 16:59:12', 1, '2020-05-27 16:59:12', 1);
INSERT INTO "field_info_tab_personal" VALUES (101, 101, 0, NULL, 'f', '2020-05-27 16:59:12', 1, '2020-05-27 16:59:12', 1);
INSERT INTO "field_info_tab_personal" VALUES (102, 102, 0, NULL, 'f', '2020-05-27 16:59:12', 1, '2020-05-27 16:59:12', 1);
INSERT INTO "field_info_tab_personal" VALUES (103, 103, 0, NULL, 'f', '2020-05-27 16:59:12', 1, '2020-05-27 16:59:12', 1);
INSERT INTO "field_info_tab_personal" VALUES (104, 104, 0, NULL, 'f', '2020-05-27 16:59:12', 1, '2020-05-27 16:59:12', 1);
INSERT INTO "field_info_tab_personal" VALUES (105, 105, 0, NULL, 'f', '2020-05-27 16:59:12', 1, '2020-05-27 16:59:12', 1);
INSERT INTO "field_info_tab_personal" VALUES (106, 106, 0, NULL, 'f', '2020-05-27 16:59:12', 1, '2020-05-27 16:59:12', 1);
INSERT INTO "field_info_tab_personal" VALUES (107, 107, 0, NULL, 'f', '2020-05-27 16:59:12', 1, '2020-05-27 16:59:12', 1);
INSERT INTO "field_info_tab_personal" VALUES (108, 108, 0, NULL, 'f', '2020-05-27 16:59:12', 1, '2020-05-27 16:59:12', 1);
INSERT INTO "field_info_tab_personal" VALUES (109, 109, 0, NULL, 'f', '2020-05-27 16:59:12', 1, '2020-05-27 16:59:12', 1);
INSERT INTO "field_info_tab_personal" VALUES (110, 110, 0, NULL, 'f', '2020-05-27 16:59:12', 1, '2020-05-27 16:59:12', 1);
INSERT INTO "field_info_tab_personal" VALUES (111, 111, 0, NULL, 'f', '2020-05-27 16:59:12', 1, '2020-05-27 16:59:12', 1);
INSERT INTO "field_info_tab_personal" VALUES (112, 112, 0, NULL, 'f', '2020-05-27 16:59:12', 1, '2020-05-27 16:59:12', 1);
INSERT INTO "field_info_tab_personal" VALUES (113, 113, 0, NULL, 'f', '2020-05-27 16:59:12', 1, '2020-05-27 16:59:12', 1);
INSERT INTO "field_info_tab_personal" VALUES (114, 114, 0, NULL, 'f', '2020-05-27 16:59:12', 1, '2020-05-27 16:59:12', 1);
INSERT INTO "field_info_tab_personal" VALUES (115, 115, 0, NULL, 'f', '2020-05-27 16:59:12', 1, '2020-05-27 16:59:12', 1);
INSERT INTO "field_info_tab_personal" VALUES (116, 116, 0, NULL, 'f', '2020-05-27 16:59:12', 1, '2020-05-27 16:59:12', 1);
INSERT INTO "field_info_tab_personal" VALUES (132, 132, 0, NULL, 'f', '2020-05-27 16:59:12', 1, '2020-05-27 16:59:12', 1);
INSERT INTO "field_info_tab_personal" VALUES (133, 133, 0, NULL, 'f', '2020-05-27 16:59:12', 1, '2020-05-27 16:59:12', 1);
INSERT INTO "field_info_tab_personal" VALUES (134, 134, 0, NULL, 'f', '2020-05-27 16:59:12', 1, '2020-05-27 16:59:12', 1);
INSERT INTO "field_info_tab_personal" VALUES (135, 135, 0, NULL, 'f', '2020-05-27 16:59:12', 1, '2020-05-27 16:59:12', 1);
INSERT INTO "field_info_tab_personal" VALUES (136, 136, 0, NULL, 'f', '2020-05-27 16:59:12', 1, '2020-05-27 16:59:12', 1);
INSERT INTO "field_info_tab_personal" VALUES (137, 137, 0, NULL, 'f', '2020-05-27 16:59:12', 1, '2020-05-27 16:59:12', 1);
INSERT INTO "field_info_tab_personal" VALUES (138, 138, 0, NULL, 'f', '2020-05-27 16:59:12', 1, '2020-05-27 16:59:12', 1);
INSERT INTO "field_info_tab_personal" VALUES (139, 139, 0, NULL, 'f', '2020-05-27 16:59:12', 1, '2020-05-27 16:59:12', 1);
INSERT INTO "field_info_tab_personal" VALUES (140, 140, 0, NULL, 'f', '2020-05-27 16:59:12', 1, '2020-05-27 16:59:12', 1);
INSERT INTO "field_info_tab_personal" VALUES (141, 141, 0, NULL, 'f', '2020-05-27 16:59:12', 1, '2020-05-27 16:59:12', 1);
INSERT INTO "field_info_tab_personal" VALUES (142, 142, 0, NULL, 'f', '2020-05-27 16:59:12', 1, '2020-05-27 16:59:12', 1);
INSERT INTO "field_info_tab_personal" VALUES (143, 143, 0, NULL, 'f', '2020-05-27 16:59:12', 1, '2020-05-27 16:59:12', 1);
INSERT INTO "field_info_tab_personal" VALUES (144, 144, 0, NULL, 'f', '2020-05-27 16:59:12', 1, '2020-05-27 16:59:12', 1);
INSERT INTO "field_info_tab_personal" VALUES (145, 145, 0, NULL, 'f', '2020-05-27 16:59:12', 1, '2020-05-27 16:59:12', 1);
INSERT INTO "field_info_tab_personal" VALUES (146, 146, 0, NULL, 'f', '2020-05-27 16:59:12', 1, '2020-05-27 16:59:12', 1);
INSERT INTO "field_info_tab_personal" VALUES (147, 147, 0, NULL, 'f', '2020-05-27 16:59:12', 1, '2020-05-27 16:59:12', 1);
INSERT INTO "field_info_tab_personal" VALUES (148, 148, 0, NULL, 'f', '2020-05-27 16:59:12', 1, '2020-05-27 16:59:12', 1);
INSERT INTO "field_info_tab_personal" VALUES (149, 149, 0, NULL, 'f', '2020-05-27 16:59:12', 1, '2020-05-27 16:59:12', 1);
INSERT INTO "field_info_tab_personal" VALUES (150, 150, 0, NULL, 'f', '2020-05-27 16:59:12', 1, '2020-05-27 16:59:12', 1);
INSERT INTO "field_info_tab_personal" VALUES (151, 151, 0, NULL, 'f', '2020-05-27 16:59:12', 1, '2020-05-27 16:59:12', 1);
INSERT INTO "field_info_tab_personal" VALUES (152, 152, 0, NULL, 'f', '2020-05-27 16:59:12', 1, '2020-05-27 16:59:12', 1);
INSERT INTO "field_info_tab_personal" VALUES (153, 153, 0, NULL, 'f', '2020-05-27 16:59:12', 1, '2020-05-27 16:59:12', 1);
INSERT INTO "field_info_tab_personal" VALUES (154, 154, 0, NULL, 'f', '2020-05-27 16:59:12', 1, '2020-05-27 16:59:12', 1);
INSERT INTO "field_info_tab_personal" VALUES (155, 155, 0, NULL, 'f', '2020-05-27 16:59:12', 1, '2020-05-27 16:59:12', 1);
INSERT INTO "field_info_tab_personal" VALUES (156, 156, 0, NULL, 'f', '2020-05-27 16:59:12', 1, '2020-05-27 16:59:12', 1);
INSERT INTO "field_info_tab_personal" VALUES (157, 157, 0, NULL, 'f', '2020-05-27 16:59:12', 1, '2020-05-27 16:59:12', 1);
INSERT INTO "field_info_tab_personal" VALUES (158, 158, 0, NULL, 'f', '2020-05-27 16:59:12', 1, '2020-05-27 16:59:12', 1);
INSERT INTO "field_info_tab_personal" VALUES (159, 159, 0, NULL, 'f', '2020-05-27 16:59:12', 1, '2020-05-27 16:59:12', 1);
INSERT INTO "field_info_tab_personal" VALUES (160, 160, 0, NULL, 'f', '2020-05-27 16:59:12', 1, '2020-05-27 16:59:12', 1);
INSERT INTO "field_info_tab_personal" VALUES (161, 161, 0, NULL, 'f', '2020-05-27 16:59:12', 1, '2020-05-27 16:59:12', 1);
INSERT INTO "field_info_tab_personal" VALUES (162, 162, 0, NULL, 'f', '2020-05-27 16:59:12', 1, '2020-05-27 16:59:12', 1);
INSERT INTO "field_info_tab_personal" VALUES (163, 163, 0, NULL, 'f', '2020-05-27 16:59:12', 1, '2020-05-27 16:59:12', 1);
INSERT INTO "field_info_tab_personal" VALUES (164, 164, 0, NULL, 'f', '2020-05-27 16:59:12', 1, '2020-05-27 16:59:12', 1);
INSERT INTO "field_info_tab_personal" VALUES (165, 165, 0, NULL, 'f', '2020-05-27 16:59:12', 1, '2020-05-27 16:59:12', 1);
INSERT INTO "field_info_tab_personal" VALUES (166, 166, 0, NULL, 'f', '2020-05-27 16:59:12', 1, '2020-05-27 16:59:12', 1);
INSERT INTO "field_info_tab_personal" VALUES (167, 167, 0, NULL, 'f', '2020-05-27 16:59:12', 1, '2020-05-27 16:59:12', 1);
INSERT INTO "field_info_tab_personal" VALUES (168, 168, 0, NULL, 'f', '2020-05-27 16:59:12', 1, '2020-05-27 16:59:12', 1);
INSERT INTO "field_info_tab_personal" VALUES (169, 169, 0, NULL, 'f', '2020-05-27 16:59:12', 1, '2020-05-27 16:59:12', 1);
INSERT INTO "field_info_tab_personal" VALUES (170, 170, 0, NULL, 'f', '2020-05-27 16:59:12', 1, '2020-05-27 16:59:12', 1);
INSERT INTO "field_info_tab_personal" VALUES (171, 171, 0, NULL, 'f', '2020-05-27 16:59:12', 1, '2020-05-27 16:59:12', 1);
INSERT INTO "field_info_tab_personal" VALUES (172, 172, 0, NULL, 'f', '2020-05-27 16:59:12', 1, '2020-05-27 16:59:12', 1);
INSERT INTO "field_info_tab_personal" VALUES (173, 173, 0, NULL, 'f', '2020-05-27 16:59:12', 1, '2020-05-27 16:59:12', 1);
INSERT INTO "field_info_tab_personal" VALUES (174, 174, 0, NULL, 'f', '2020-05-27 16:59:12', 1, '2020-05-27 16:59:12', 1);
INSERT INTO "field_info_tab_personal" VALUES (175, 175, 0, NULL, 'f', '2020-05-27 16:59:12', 1, '2020-05-27 16:59:12', 1);
INSERT INTO "field_info_tab_personal" VALUES (176, 176, 0, NULL, 'f', '2020-05-27 16:59:12', 1, '2020-05-27 16:59:12', 1);
INSERT INTO "field_info_tab_personal" VALUES (177, 177, 0, NULL, 'f', '2020-05-27 16:59:12', 1, '2020-05-27 16:59:12', 1);
INSERT INTO "field_info_tab_personal" VALUES (178, 178, 0, NULL, 'f', '2020-05-27 16:59:12', 1, '2020-05-27 16:59:12', 1);
INSERT INTO "field_info_tab_personal" VALUES (179, 179, 0, NULL, 'f', '2020-05-27 16:59:12', 1, '2020-05-27 16:59:12', 1);
INSERT INTO "field_info_tab_personal" VALUES (180, 180, 0, NULL, 'f', '2020-05-27 16:59:12', 1, '2020-05-27 16:59:12', 1);
INSERT INTO "field_info_tab_personal" VALUES (181, 181, 0, NULL, 'f', '2020-05-27 16:59:12', 1, '2020-05-27 16:59:12', 1);
INSERT INTO "field_info_tab_personal" VALUES (182, 182, 0, NULL, 'f', '2020-05-27 16:59:12', 1, '2020-05-27 16:59:12', 1);
INSERT INTO "field_info_tab_personal" VALUES (183, 183, 0, NULL, 'f', '2020-05-27 16:59:12', 1, '2020-05-27 16:59:12', 1);
INSERT INTO "field_info_tab_personal" VALUES (184, 184, 0, NULL, 'f', '2020-05-27 16:59:12', 1, '2020-05-27 16:59:12', 1);
INSERT INTO "field_info_tab_personal" VALUES (185, 185, 0, NULL, 'f', '2020-05-27 16:59:12', 1, '2020-05-27 16:59:12', 1);
INSERT INTO "field_info_tab_personal" VALUES (186, 186, 0, NULL, 'f', '2020-05-27 16:59:12', 1, '2020-05-27 16:59:12', 1);
INSERT INTO "field_info_tab_personal" VALUES (187, 187, 0, NULL, 'f', '2020-05-27 16:59:12', 1, '2020-05-27 16:59:12', 1);
INSERT INTO "field_info_tab_personal" VALUES (188, 188, 0, NULL, 'f', '2020-05-27 16:59:12', 1, '2020-05-27 16:59:12', 1);
INSERT INTO "field_info_tab_personal" VALUES (189, 189, 0, NULL, 'f', '2020-05-27 16:59:12', 1, '2020-05-27 16:59:12', 1);
INSERT INTO "field_info_tab_personal" VALUES (190, 190, 0, NULL, 'f', '2020-05-27 16:59:12', 1, '2020-05-27 16:59:12', 1);
INSERT INTO "field_info_tab_personal" VALUES (191, 191, 0, NULL, 'f', '2020-05-27 16:59:12', 1, '2020-05-27 16:59:12', 1);
INSERT INTO "field_info_tab_personal" VALUES (192, 192, 0, NULL, 'f', '2020-05-27 16:59:12', 1, '2020-05-27 16:59:12', 1);
INSERT INTO "field_info_tab_personal" VALUES (193, 193, 0, NULL, 'f', '2020-05-27 16:59:12', 1, '2020-05-27 16:59:12', 1);
INSERT INTO "field_info_tab_personal" VALUES (194, 194, 0, NULL, 'f', '2020-05-27 16:59:12', 1, '2020-05-27 16:59:12', 1);
INSERT INTO "field_info_tab_personal" VALUES (195, 195, 0, NULL, 'f', '2020-05-27 16:59:12', 1, '2020-05-27 16:59:12', 1);
INSERT INTO "field_info_tab_personal" VALUES (196, 196, 0, NULL, 'f', '2020-05-27 16:59:12', 1, '2020-05-27 16:59:12', 1);
INSERT INTO "field_info_tab_personal" VALUES (197, 197, 0, NULL, 'f', '2020-05-27 16:59:12', 1, '2020-05-27 16:59:12', 1);
INSERT INTO "field_info_tab_personal" VALUES (198, 198, 0, NULL, 'f', '2020-05-27 16:59:12', 1, '2020-05-27 16:59:12', 1);
INSERT INTO "field_info_tab_personal" VALUES (199, 199, 0, NULL, 'f', '2020-05-27 16:59:12', 1, '2020-05-27 16:59:12', 1);
INSERT INTO "field_info_tab_personal" VALUES (200, 200, 0, NULL, 'f', '2020-05-27 16:59:12', 1, '2020-05-27 16:59:12', 1);
INSERT INTO "field_info_tab_personal" VALUES (201, 201, 0, NULL, 'f', '2020-05-27 16:59:12', 1, '2020-05-27 16:59:12', 1);
INSERT INTO "field_info_tab_personal" VALUES (202, 202, 0, NULL, 'f', '2020-05-27 16:59:12', 1, '2020-05-27 16:59:12', 1);
INSERT INTO "field_info_tab_personal" VALUES (203, 203, 0, NULL, 'f', '2020-05-27 16:59:12', 1, '2020-05-27 16:59:12', 1);
INSERT INTO "field_info_tab_personal" VALUES (204, 204, 0, NULL, 'f', '2020-05-27 16:59:12', 1, '2020-05-27 16:59:12', 1);
INSERT INTO "field_info_tab_personal" VALUES (205, 205, 0, NULL, 'f', '2020-05-27 16:59:12', 1, '2020-05-27 16:59:12', 1);
INSERT INTO "field_info_tab_personal" VALUES (206, 206, 0, NULL, 'f', '2020-05-27 16:59:12', 1, '2020-05-27 16:59:12', 1);
INSERT INTO "field_info_tab_personal" VALUES (207, 207, 0, NULL, 'f', '2020-05-27 16:59:12', 1, '2020-05-27 16:59:12', 1);
INSERT INTO "field_info_tab_personal" VALUES (208, 208, 0, NULL, 'f', '2020-05-27 16:59:12', 1, '2020-05-27 16:59:12', 1);
INSERT INTO "field_info_tab_personal" VALUES (209, 209, 0, NULL, 'f', '2020-05-27 16:59:12', 1, '2020-05-27 16:59:12', 1);
INSERT INTO "field_info_tab_personal" VALUES (210, 210, 0, NULL, 'f', '2020-05-27 16:59:12', 1, '2020-05-27 16:59:12', 1);
INSERT INTO "field_info_tab_personal" VALUES (211, 211, 0, NULL, 'f', '2020-05-27 16:59:12', 1, '2020-05-27 16:59:12', 1);
INSERT INTO "field_info_tab_personal" VALUES (212, 212, 0, NULL, 'f', '2020-05-27 16:59:12', 1, '2020-05-27 16:59:12', 1);
INSERT INTO "field_info_tab_personal" VALUES (213, 213, 0, NULL, 'f', '2020-05-27 16:59:12', 1, '2020-05-27 16:59:12', 1);
INSERT INTO "field_info_tab_personal" VALUES (214, 214, 0, NULL, 'f', '2020-05-27 16:59:12', 1, '2020-05-27 16:59:12', 1);
INSERT INTO "field_info_tab_personal" VALUES (215, 215, 0, NULL, 'f', '2020-05-27 16:59:12', 1, '2020-05-27 16:59:12', 1);
INSERT INTO "field_info_tab_personal" VALUES (216, 216, 0, NULL, 'f', '2020-05-27 16:59:12', 1, '2020-05-27 16:59:12', 1);
INSERT INTO "field_info_tab_personal" VALUES (217, 217, 0, NULL, 'f', '2020-05-27 16:59:12', 1, '2020-05-27 16:59:12', 1);
INSERT INTO "field_info_tab_personal" VALUES (218, 218, 0, NULL, 'f', '2020-05-27 16:59:12', 1, '2020-05-27 16:59:12', 1);
INSERT INTO "field_info_tab_personal" VALUES (219, 219, 0, NULL, 'f', '2020-05-27 16:59:12', 1, '2020-05-27 16:59:12', 1);
INSERT INTO "field_info_tab_personal" VALUES (220, 220, 0, NULL, 'f', '2020-05-27 16:59:12', 1, '2020-05-27 16:59:12', 1);
INSERT INTO "field_info_tab_personal" VALUES (221, 221, 0, NULL, 'f', '2020-05-27 16:59:12', 1, '2020-05-27 16:59:12', 1);
INSERT INTO "field_info_tab_personal" VALUES (222, 222, 0, NULL, 'f', '2020-05-27 16:59:12', 1, '2020-05-27 16:59:12', 1);
INSERT INTO "field_info_tab_personal" VALUES (223, 223, 0, NULL, 'f', '2020-05-27 16:59:12', 1, '2020-05-27 16:59:12', 1);
INSERT INTO "field_info_tab_personal" VALUES (224, 224, 0, NULL, 'f', '2020-05-27 16:59:12', 1, '2020-05-27 16:59:12', 1);
INSERT INTO "field_info_tab_personal" VALUES (225, 225, 0, NULL, 'f', '2020-05-27 16:59:12', 1, '2020-05-27 16:59:12', 1);
INSERT INTO "field_info_tab_personal" VALUES (226, 226, 0, NULL, 'f', '2020-05-27 16:59:12', 1, '2020-05-27 16:59:12', 1);
INSERT INTO "field_info_tab_personal" VALUES (227, 227, 0, NULL, 'f', '2020-05-27 16:59:12', 1, '2020-05-27 16:59:12', 1);
INSERT INTO "field_info_tab_personal" VALUES (228, 228, 0, NULL, 'f', '2020-05-27 16:59:12', 1, '2020-05-27 16:59:12', 1);
INSERT INTO "field_info_tab_personal" VALUES (229, 229, 0, NULL, 'f', '2020-05-27 16:59:12', 1, '2020-05-27 16:59:12', 1);
INSERT INTO "field_info_tab_personal" VALUES (230, 230, 0, NULL, 'f', '2020-05-27 16:59:12', 1, '2020-05-27 16:59:12', 1);
INSERT INTO "field_info_tab_personal" VALUES (231, 231, 0, NULL, 'f', '2020-05-27 16:59:12', 1, '2020-05-27 16:59:12', 1);
INSERT INTO "field_info_tab_personal" VALUES (232, 232, 0, NULL, 'f', '2020-05-27 16:59:12', 1, '2020-05-27 16:59:12', 1);
INSERT INTO "field_info_tab_personal" VALUES (233, 233, 0, NULL, 'f', '2020-05-27 16:59:12', 1, '2020-05-27 16:59:12', 1);
INSERT INTO "field_info_tab_personal" VALUES (234, 234, 0, NULL, 'f', '2020-05-27 16:59:12', 1, '2020-05-27 16:59:12', 1);
INSERT INTO "field_info_tab_personal" VALUES (235, 235, 0, NULL, 'f', '2020-05-27 16:59:12', 1, '2020-05-27 16:59:12', 1);
INSERT INTO "field_info_tab_personal" VALUES (236, 236, 0, NULL, 'f', '2020-05-27 16:59:12', 1, '2020-05-27 16:59:12', 1);
INSERT INTO "field_info_tab_personal" VALUES (237, 237, 0, NULL, 'f', '2020-05-27 16:59:12', 1, '2020-05-27 16:59:12', 1);
INSERT INTO "field_info_tab_personal" VALUES (238, 238, 0, NULL, 'f', '2020-05-27 16:59:12', 1, '2020-05-27 16:59:12', 1);
INSERT INTO "field_info_tab_personal" VALUES (239, 239, 0, NULL, 'f', '2020-05-27 16:59:12', 1, '2020-05-27 16:59:12', 1);
INSERT INTO "field_info_tab_personal" VALUES (240, 240, 0, NULL, 'f', '2020-05-27 16:59:12', 1, '2020-05-27 16:59:12', 1);
INSERT INTO "field_info_tab_personal" VALUES (241, 241, 0, NULL, 'f', '2020-05-27 16:59:12', 1, '2020-05-27 16:59:12', 1);
INSERT INTO "field_info_tab_personal" VALUES (242, 242, 0, NULL, 'f', '2020-05-27 16:59:12', 1, '2020-05-27 16:59:12', 1);
INSERT INTO "field_info_tab_personal" VALUES (243, 262, 0, NULL, 'f', '2020-05-27 16:59:12', 1, '2020-05-27 16:59:12', 1);
INSERT INTO "field_info_tab_personal" VALUES (244, 263, 0, NULL, 'f', '2020-05-27 16:59:12', 1, '2020-05-27 16:59:12', 1);
INSERT INTO "field_info_tab_personal" VALUES (245, 264, 0, NULL, 'f', '2020-05-27 16:59:12', 1, '2020-05-27 16:59:12', 1);
INSERT INTO "field_info_tab_personal" VALUES (246, 265, 0, NULL, 'f', '2020-05-27 16:59:12', 1, '2020-05-27 16:59:12', 1);
INSERT INTO "field_info_tab_personal" VALUES (247, 266, 0, NULL, 'f', '2020-05-27 16:59:12', 1, '2020-05-27 16:59:12', 1);
INSERT INTO "field_info_tab_personal" VALUES (248, 267, 0, NULL, 'f', '2020-05-27 16:59:12', 1, '2020-05-27 16:59:12', 1);
INSERT INTO "field_info_tab_personal" VALUES (249, 268, 0, NULL, 'f', '2020-05-27 16:59:12', 1, '2020-05-27 16:59:12', 1);
INSERT INTO "field_info_tab_personal" VALUES (250, 269, 0, NULL, 'f', '2020-05-27 16:59:12', 1, '2020-05-27 16:59:12', 1);
INSERT INTO "field_info_tab_personal" VALUES (251, 270, 0, NULL, 'f', '2020-05-27 16:59:12', 1, '2020-05-27 16:59:12', 1);
INSERT INTO "field_info_tab_personal" VALUES (252, 271, 0, NULL, 'f', '2020-05-27 16:59:12', 1, '2020-05-27 16:59:12', 1);
INSERT INTO "field_info_tab_personal" VALUES (253, 272, 0, NULL, 'f', '2020-05-27 16:59:12', 1, '2020-05-27 16:59:12', 1);
INSERT INTO "field_info_tab_personal" VALUES (254, 273, 0, NULL, 'f', '2020-05-27 16:59:12', 1, '2020-05-27 16:59:12', 1);
INSERT INTO "field_info_tab_personal" VALUES (255, 243, 0, NULL, 'f', '2020-05-27 16:59:12', 0, '2020-05-27 16:59:12', 1);
INSERT INTO "field_info_tab_personal" VALUES (256, 244, 0, NULL, 'f', '2020-05-27 16:59:12', 0, '2020-05-27 16:59:12', 1);
INSERT INTO "field_info_tab_personal" VALUES (257, 245, 0, NULL, 'f', '2020-05-27 16:59:12', 0, '2020-05-27 16:59:12', 1);
INSERT INTO "field_info_tab_personal" VALUES (258, 246, 0, NULL, 'f', '2020-05-27 16:59:12', 0, '2020-05-27 16:59:12', 1);
INSERT INTO "field_info_tab_personal" VALUES (259, 247, 0, NULL, 'f', '2020-05-27 16:59:12', 0, '2020-05-27 16:59:12', 1);
INSERT INTO "field_info_tab_personal" VALUES (260, 248, 0, NULL, 'f', '2020-05-27 16:59:12', 0, '2020-05-27 16:59:12', 1);
INSERT INTO "field_info_tab_personal" VALUES (261, 249, 0, NULL, 'f', '2020-05-27 16:59:12', 0, '2020-05-27 16:59:12', 1);
INSERT INTO "field_info_tab_personal" VALUES (262, 250, 0, NULL, 'f', '2020-05-27 16:59:12', 0, '2020-05-27 16:59:12', 1);
INSERT INTO "field_info_tab_personal" VALUES (263, 251, 0, NULL, 'f', '2020-05-27 16:59:12', 0, '2020-05-27 16:59:12', 1);
INSERT INTO "field_info_tab_personal" VALUES (264, 252, 0, NULL, 'f', '2020-05-27 16:59:12', 0, '2020-05-27 16:59:12', 1);
INSERT INTO "field_info_tab_personal" VALUES (265, 253, 0, NULL, 'f', '2020-05-27 16:59:12', 0, '2020-05-27 16:59:12', 1);
INSERT INTO "field_info_tab_personal" VALUES (266, 254, 0, NULL, 'f', '2020-05-27 16:59:12', 0, '2020-05-27 16:59:12', 1);
INSERT INTO "field_info_tab_personal" VALUES (267, 255, 0, NULL, 'f', '2020-05-27 16:59:12', 0, '2020-05-27 16:59:12', 1);

-- ----------------------------
-- Table structure for import_histories
-- ----------------------------
DROP TABLE IF EXISTS "import_histories";
CREATE TABLE "import_histories" (
  "import_history_id" int8 NOT NULL,
  "extension_belong" int8 NOT NULL,
  "import_mode" int4 NOT NULL,
  "regist_duplicated_mode" bool,
  "is_simulation_mode" bool,
  "start_time" timestamp(6) NOT NULL,
  "end_time" timestamp(6) NOT NULL,
  "employee_id" int8 NOT NULL,
  "employee_ip" varchar(20) COLLATE "pg_catalog"."default" NOT NULL,
  "processed_record_count" int4 NOT NULL DEFAULT 0,
  "processed_total_record_count" int4 NOT NULL DEFAULT 0,
  "registered_record_count" int4 NOT NULL DEFAULT 0,
  "updated_record_count" int4 NOT NULL DEFAULT 0,
  "matching_key_blank_count" int4 NOT NULL DEFAULT 0,
  "not_registed_new_count" int4 NOT NULL DEFAULT 0,
  "duplicated_count" int4 NOT NULL DEFAULT 0,
  "not_updated_old_count" int4 NOT NULL DEFAULT 0,
  "invalid_data_count" int4 NOT NULL DEFAULT 0,
  "path_file_csv_import_results" varchar(225) COLLATE "pg_catalog"."default",
  "path_file_csv_matching_key_blank" varchar(225) COLLATE "pg_catalog"."default",
  "path_file_csv_not_registed_new" varchar(225) COLLATE "pg_catalog"."default",
  "path_file_csv_duplicated" varchar(225) COLLATE "pg_catalog"."default",
  "path_file_csv_not_updated_old" varchar(225) COLLATE "pg_catalog"."default",
  "path_file_csv_invalid_data" varchar(225) COLLATE "pg_catalog"."default",
  "is_contact" bool,
  "status" int4 NOT NULL,
  "mail_items" varchar(2000) COLLATE "pg_catalog"."default",
  "created_date" timestamp(6) NOT NULL,
  "created_user" int8 NOT NULL,
  "updated_date" timestamp(6) NOT NULL,
  "updated_user" int8 NOT NULL
)
;

-- ----------------------------
-- Records of import_histories
-- ----------------------------

-- ----------------------------
-- Table structure for languages
-- ----------------------------
DROP TABLE IF EXISTS "languages";
CREATE TABLE "languages" (
  "language_id" int8 NOT NULL,
  "created_date" timestamp(6) NOT NULL,
  "created_user" int8 NOT NULL,
  "updated_date" timestamp(6) NOT NULL,
  "updated_user" int8 NOT NULL,
  "display_order" int8,
  "language_code" varchar(5) COLLATE "pg_catalog"."default" NOT NULL,
  "language_name" varchar(50) COLLATE "pg_catalog"."default" NOT NULL
)
;

-- ----------------------------
-- Records of languages
-- ----------------------------
INSERT INTO "languages" VALUES (1, '2020-05-27 16:59:12', 1, '2020-05-27 16:59:12', 1, 1, 'ja_jp', '日本語');
INSERT INTO "languages" VALUES (2, '2020-05-27 16:59:12', 1, '2020-05-27 16:59:12', 1, 2, 'en_us', 'English(US)');
INSERT INTO "languages" VALUES (3, '2020-05-27 16:59:12', 1, '2020-05-27 16:59:12', 1, 3, 'zh_cn', '中文(簡体)');

-- ----------------------------
-- Table structure for list_view_settings
-- ----------------------------
DROP TABLE IF EXISTS "list_view_settings";
CREATE TABLE "list_view_settings" (
  "list_view_setting_id" int8 NOT NULL,
  "created_date" timestamp(6) NOT NULL,
  "created_user" int8 NOT NULL,
  "updated_date" timestamp(6) NOT NULL,
  "updated_user" int8 NOT NULL,
  "employee_id" int8 NOT NULL,
  "extra_settings" jsonb,
  "field_belong" int4 NOT NULL,
  "order_by" jsonb,
  "selected_target_id" int8 NOT NULL,
  "selected_target_type" int4 NOT NULL
)
;

-- ----------------------------
-- Records of list_view_settings
-- ----------------------------

-- ----------------------------
-- Table structure for list_view_settings_filters
-- ----------------------------
DROP TABLE IF EXISTS "list_view_settings_filters";
CREATE TABLE "list_view_settings_filters" (
  "list_view_setting_filter_id" int8 NOT NULL,
  "created_date" timestamp(6) NOT NULL,
  "created_user" int8 NOT NULL,
  "updated_date" timestamp(6) NOT NULL,
  "updated_user" int8 NOT NULL,
  "list_view_setting_id" int8 NOT NULL,
  "target_id" int8 NOT NULL,
  "target_type" int4 NOT NULL,
  "filter_value" jsonb NOT NULL
)
;

-- ----------------------------
-- Records of list_view_settings_filters
-- ----------------------------

-- ----------------------------
-- Table structure for services_info
-- ----------------------------
DROP TABLE IF EXISTS "services_info";
CREATE TABLE "services_info" (
  "service_id" int4 NOT NULL,
  "service_name" jsonb NOT NULL,
  "service_type" int4 NOT NULL,
  "service_order" int4 NOT NULL,
  "is_available" bool NOT NULL,
  "created_date" timestamp(6) NOT NULL,
  "created_user" int8 NOT NULL,
  "updated_date" timestamp(6) NOT NULL,
  "updated_user" int8 NOT NULL
)
;

-- ----------------------------
-- Records of services_info
-- ----------------------------
INSERT INTO "services_info" VALUES (8, '{"en_us": "Employee", "ja_jp": "社員", "zh_cn": "职员"}', 1, 8, 't', '2020-05-28 21:07:54', 1, '2020-05-28 21:07:54', 1);
INSERT INTO "services_info" VALUES (5, '{"en_us": "Customer", "ja_jp": "顧客", "zh_cn": "客户信息"}', 1, 5, 't', '2020-05-28 21:07:54', 1, '2020-05-28 21:07:54', 1);
INSERT INTO "services_info" VALUES (14, '{"en_us": "Product", "ja_jp": "商品", "zh_cn": "商品"}', 1, 14, 't', '2020-05-28 21:07:54', 1, '2020-05-28 21:07:54', 1);
INSERT INTO "services_info" VALUES (15, '{"en_us": "Task", "ja_jp": "タスク", "zh_cn": "Task"}', 1, 15, 't', '2020-05-28 21:07:54', 1, '2020-05-28 21:07:54', 1);
INSERT INTO "services_info" VALUES (1501, '{"en_us": "Milestone", "ja_jp": "マイルストーン", "zh_cn": "Milestone"}', 3, 1501, 'f', '2020-05-28 21:07:54', 1, '2020-05-28 21:07:54', 1);
INSERT INTO "services_info" VALUES (1502, '{"en_us": "Subtask", "ja_jp": "サブタスク", "zh_cn": "Subtask"}', 3, 1502, 'f', '2020-05-28 21:07:54', 1, '2020-05-28 21:07:54', 1);
INSERT INTO "services_info" VALUES (2, '{"en_us": "Schedule", "ja_jp": "スケジュール", "zh_cn": "Schedule"}', 1, 2, 't', '2020-05-28 21:07:54', 1, '2020-05-28 21:07:54', 1);
INSERT INTO "services_info" VALUES (1401, '{"ja_jp": "商品内訳"}', 3, 1401, 'f', '2020-05-28 21:07:54', 1, '2020-05-28 21:07:54', 1);

-- ----------------------------
-- Table structure for suggestions_choice
-- ----------------------------
DROP TABLE IF EXISTS "suggestions_choice";
CREATE TABLE "suggestions_choice" (
  "suggestions_choice_id" int8 NOT NULL,
  "index" varchar COLLATE "pg_catalog"."default",
  "id_resultl" int4,
  "employee_id" int8,
  "display_order" int4,
  "created_date" timestamp(6) NOT NULL,
  "created_user" int8 NOT NULL,
  "updated_date" timestamp(6) NOT NULL,
  "updated_user" int8 NOT NULL
)
;

-- ----------------------------
-- Records of suggestions_choice
-- ----------------------------

-- ----------------------------
-- Table structure for tab_info
-- ----------------------------
DROP TABLE IF EXISTS "tab_info";
CREATE TABLE "tab_info" (
  "tab_info_id" int8 NOT NULL,
  "created_date" timestamp(6),
  "created_user" int8 NOT NULL,
  "updated_date" timestamp(6),
  "updated_user" int8 NOT NULL,
  "is_display" bool,
  "is_display_summary" bool,
  "max_record" int4,
  "tab_belong" int4 NOT NULL,
  "tab_id" int4 NOT NULL,
  "tab_order" int4,
  "tab_label" jsonb
)
;

-- ----------------------------
-- Records of tab_info
-- ----------------------------
INSERT INTO "tab_info" VALUES (1, '2020-05-27 16:59:12', 1, '2020-05-27 16:59:12', 1, 't', 't', 1, 4, 0, 1, '{"ja_jp": "基本情報"}');
INSERT INTO "tab_info" VALUES (2, '2020-05-27 16:59:12', 1, '2020-05-27 16:59:12', 1, 't', 't', 1, 4, 1, 2, '{"ja_jp": "活動履歴"}');
INSERT INTO "tab_info" VALUES (3, '2020-05-27 16:59:12', 1, '2020-05-27 16:59:12', 1, 't', 't', 5, 4, 2, 3, '{"ja_jp": "取 引 商 品"}');
INSERT INTO "tab_info" VALUES (4, '2020-05-27 16:59:12', 1, '2020-05-27 16:59:12', 1, 't', 't', 1, 4, 3, 4, '{"ja_jp": "カレンダー"}');
INSERT INTO "tab_info" VALUES (5, '2020-05-27 16:59:12', 1, '2020-05-27 16:59:12', 1, 't', 't', 1, 4, 4, 5, '{"ja_jp": "メール"}');
INSERT INTO "tab_info" VALUES (6, '2020-05-27 16:59:12', 1, '2020-05-27 16:59:12', 1, 't', 't', 1, 4, 5, 6, '{"ja_jp": "変更履歴"}');
INSERT INTO "tab_info" VALUES (7, '2020-05-27 16:59:12', 1, '2020-05-27 16:59:12', 1, 't', 't', 1, 6, 0, 1, '{"ja_jp": "基本情報"}');
INSERT INTO "tab_info" VALUES (8, '2020-05-27 16:59:12', 1, '2020-05-27 16:59:12', 1, 't', 't', 30, 6, 1, 2, '{"ja_jp": "活動履歴"}');
INSERT INTO "tab_info" VALUES (9, '2020-05-27 16:59:12', 1, '2020-05-27 16:59:12', 1, 't', 't', 30, 6, 2, 3, '{"ja_jp": "変更履歴"}');
INSERT INTO "tab_info" VALUES (10, '2020-05-27 16:59:12', 1, '2020-05-27 16:59:12', 1, 't', 't', 1, 2, 0, 1, '{"ja_jp": "基本情報"}');
INSERT INTO "tab_info" VALUES (11, '2020-05-27 16:59:12', 1, '2020-05-27 16:59:12', 1, 't', 't', 30, 2, 1, 2, '{"ja_jp": "変更履歴"}');
INSERT INTO "tab_info" VALUES (12, '2020-05-27 16:59:12', 1, '2020-05-27 16:59:12', 1, 't', 't', 1, 15, 0, 1, '{"ja_jp": "基本情報"}');
INSERT INTO "tab_info" VALUES (13, '2020-05-27 16:59:12', 1, '2020-05-27 16:59:12', 1, 't', 't', 30, 15, 1, 2, '{"ja_jp": "変更履歴"}');
INSERT INTO "tab_info" VALUES (14, '2020-05-27 16:59:12', 1, '2020-05-27 16:59:12', 1, 't', 't', 1, 1501, 0, 1, '{"ja_jp": "基本情報"}');
INSERT INTO "tab_info" VALUES (15, '2020-05-27 16:59:12', 1, '2020-05-27 16:59:12', 1, 't', 't', 30, 1501, 1, 2, '{"ja_jp": "変更履歴"}');
INSERT INTO "tab_info" VALUES (24, '2020-05-27 16:59:12', 1, '2020-05-27 16:59:12', 1, 'f', 't', 1, 8, 7, 9, '{"ja_jp": "参加中グループ"}');
INSERT INTO "tab_info" VALUES (25, '2020-05-27 16:59:12', 1, '2020-05-27 16:59:12', 1, 't', 't', 5, 8, 2, 10, '{"ja_jp": "変更履歴"}');
INSERT INTO "tab_info" VALUES (26, '2020-05-27 16:59:12', 1, '2020-05-27 16:59:12', 1, 't', 't', 1, 5, 0, 1, '{"ja_jp": "基本情報"}');
INSERT INTO "tab_info" VALUES (27, '2020-05-27 16:59:12', 1, '2020-05-27 16:59:12', 1, 't', 't', 1, 5, 11, 2, '{"ja_jp": "人脈マップ"}');
INSERT INTO "tab_info" VALUES (28, '2020-05-27 16:59:12', 1, '2020-05-27 16:59:12', 1, 't', 't', 5, 5, 12, 3, '{"ja_jp": "活動履歴"}');
INSERT INTO "tab_info" VALUES (29, '2020-05-27 16:59:12', 1, '2020-05-27 16:59:12', 1, 't', 't', 5, 5, 1, 4, '{"ja_jp": "取引商品"}');
INSERT INTO "tab_info" VALUES (40, '2020-05-27 16:59:12', 5, '2020-05-27 16:59:12', 5, 't', 't', 1, 1502, 0, 1, '{"ja_jp": "基本情報"}');
INSERT INTO "tab_info" VALUES (41, '2020-05-27 16:59:12', 6, '2020-05-27 16:59:12', 6, 't', 't', 30, 1502, 1, 2, '{"ja_jp": "変更履歴"}');
INSERT INTO "tab_info" VALUES (16, '2020-05-27 16:59:12', 1, '2020-05-27 16:59:12', 1, 't', 't', 1, 8, 0, 1, '{"ja_jp": "基本情報"}');
INSERT INTO "tab_info" VALUES (17, '2020-05-27 16:59:12', 1, '2020-05-27 16:59:12', 1, 'f', 't', 5, 8, 4, 2, '{"ja_jp": "顧客"}');
INSERT INTO "tab_info" VALUES (18, '2020-05-27 16:59:12', 1, '2020-05-27 16:59:12', 1, 'f', 't', 5, 8, 3, 3, '{"ja_jp": "名刺"}');
INSERT INTO "tab_info" VALUES (19, '2020-05-27 16:59:12', 1, '2020-05-27 16:59:12', 1, 'f', 't', 1, 8, 9, 4, '{"ja_jp": "カレンダー"}');
INSERT INTO "tab_info" VALUES (20, '2020-05-27 16:59:12', 1, '2020-05-27 16:59:12', 1, 't', 't', 1, 8, 5, 5, '{"ja_jp": "タスク"}');
INSERT INTO "tab_info" VALUES (21, '2020-05-27 16:59:12', 1, '2020-05-27 16:59:12', 1, 'f', 't', 5, 8, 6, 6, '{"ja_jp": "メール"}');
INSERT INTO "tab_info" VALUES (22, '2020-05-27 16:59:12', 1, '2020-05-27 16:59:12', 1, 'f', 't', 5, 8, 1, 7, '{"ja_jp": "取引商品"}');
INSERT INTO "tab_info" VALUES (23, '2020-05-27 16:59:12', 1, '2020-05-27 16:59:12', 1, 'f', 't', 1, 8, 8, 8, '{"ja_jp": "予実"}');
INSERT INTO "tab_info" VALUES (30, '2020-05-27 16:59:12', 1, '2020-05-27 16:59:12', 1, 't', 't', 1, 5, 9, 5, '{"ja_jp": "カレンダー"}');
INSERT INTO "tab_info" VALUES (31, '2020-05-27 16:59:12', 1, '2020-05-27 16:59:12', 1, 't', 't', 1, 5, 5, 6, '{"ja_jp": "タスク"}');
INSERT INTO "tab_info" VALUES (32, '2020-05-27 16:59:12', 1, '2020-05-27 16:59:12', 1, 't', 't', 5, 5, 6, 7, '{"ja_jp": "メール"}');
INSERT INTO "tab_info" VALUES (33, '2020-05-27 16:59:12', 1, '2020-05-27 16:59:12', 1, 't', 't', 5, 5, 13, 8, '{"ja_jp": "子顧客"}');
INSERT INTO "tab_info" VALUES (34, '2020-05-27 16:59:12', 1, '2020-05-27 16:59:12', 1, 't', 't', 5, 5, 2, 9, '{"ja_jp": "変更履歴"}');
INSERT INTO "tab_info" VALUES (35, '2020-05-27 16:59:12', 1, '2020-05-27 16:59:12', 1, 't', 't', 5, 5, 14, 10, '{"ja_jp": "接触履歴"}');
INSERT INTO "tab_info" VALUES (36, '2020-05-27 16:59:12', 1, '2020-05-27 16:59:12', 1, 't', 't', 1, 5, 10, 11, '{"ja_jp": "売上"}');
INSERT INTO "tab_info" VALUES (37, '2020-05-27 16:59:12', 2, '2020-05-27 16:59:12', 2, 't', 't', 5, 14, 0, 1, '{"ja_jp": "基本情報"}');
INSERT INTO "tab_info" VALUES (38, '2020-05-27 16:59:12', 3, '2020-05-27 16:59:12', 3, 't', 't', 5, 14, 1, 2, '{"ja_jp": "取引商品"}');
INSERT INTO "tab_info" VALUES (39, '2020-05-27 16:59:12', 4, '2020-05-27 16:59:12', 4, 't', 't', 5, 14, 2, 3, '{"ja_jp": "変更履歴"}');

-- ----------------------------
-- Table structure for timezones
-- ----------------------------
DROP TABLE IF EXISTS "timezones";
CREATE TABLE "timezones" (
  "timezone_id" int8 NOT NULL,
  "created_date" timestamp(6) NOT NULL,
  "created_user" int8 NOT NULL,
  "updated_date" timestamp(6) NOT NULL,
  "updated_user" int8 NOT NULL,
  "display_order" int4,
  "timezone_name" varchar(100) COLLATE "pg_catalog"."default" NOT NULL,
  "timezone_short_name" varchar(20) COLLATE "pg_catalog"."default" NOT NULL
)
;

-- ----------------------------
-- Records of timezones
-- ----------------------------
INSERT INTO "timezones" VALUES (1, '2020-05-27 16:59:12', 1, '2020-05-27 16:59:12', 1, 1, '(GMT+09:00)Yakutsk Time(Asia/Chita)', 'Asia/Chita');
INSERT INTO "timezones" VALUES (2, '2020-05-27 16:59:12', 1, '2020-05-27 16:59:12', 1, 2, '(GMT+09:00)Timor-Leste Time(Asia/Dili)', 'Asia/Dili');
INSERT INTO "timezones" VALUES (3, '2020-05-27 16:59:12', 1, '2020-05-27 16:59:12', 1, 3, '(GMT+09:00)East Indonesia Time(Asia/Jayapura)', 'Asia/Jayapura');
INSERT INTO "timezones" VALUES (4, '2020-05-27 16:59:12', 1, '2020-05-27 16:59:12', 1, 4, '(GMT+09:00)Yakutsk Time(Asia/Khandyga)', 'Asia/Khandyga');
INSERT INTO "timezones" VALUES (5, '2020-05-27 16:59:12', 1, '2020-05-27 16:59:12', 1, 5, '(GMT+09:00)Korea Standard Time(Asia/Seoul)', 'Asia/Seoul');
INSERT INTO "timezones" VALUES (6, '2020-05-27 16:59:12', 1, '2020-05-27 16:59:12', 1, 6, '(GMT+09:00)Japan Standard Time(Asia/Tokyo)', 'Asia/Tokyo');
INSERT INTO "timezones" VALUES (7, '2020-05-27 16:59:12', 1, '2020-05-27 16:59:12', 1, 7, '(GMT+09:00)Yakutsk Time(Asia/Yakutsk)', 'Asia/Yakutsk');
INSERT INTO "timezones" VALUES (8, '2020-05-27 16:59:12', 1, '2020-05-27 16:59:12', 1, 8, '(GMT+09:00)GMT+09:00(Etc/GMT-9)', 'Etc/GMT-9');
INSERT INTO "timezones" VALUES (9, '2020-05-27 16:59:12', 1, '2020-05-27 16:59:12', 1, 9, '(GMT+09:00)Japan Standard Time(Japan)', 'Japan');
INSERT INTO "timezones" VALUES (10, '2020-05-27 16:59:12', 1, '2020-05-27 16:59:12', 1, 10, '(GMT+09:00)Palau Time(Pacific/Palau)', 'Pacific/Palau');
INSERT INTO "timezones" VALUES (11, '2020-05-27 16:59:12', 1, '2020-05-27 16:59:12', 1, 11, '(GMT+09:00)Korea Standard Time(ROK)', 'ROK');
INSERT INTO "timezones" VALUES (12, '2020-05-27 16:59:12', 1, '2020-05-27 16:59:12', 1, 12, '(GMT+09:00)Japan Standard Time(JST)', 'JST');

-- ----------------------------
-- Function structure for updated_date
-- ----------------------------
DROP FUNCTION IF EXISTS "updated_date"();
CREATE OR REPLACE FUNCTION "updated_date"()
  RETURNS "pg_catalog"."trigger" AS $BODY$
            BEGIN
                NEW.updated_date := NOW();
                RETURN NEW;
            END;
            $BODY$
  LANGUAGE plpgsql VOLATILE
  COST 100;

-- ----------------------------
-- Alter sequences owned by
-- ----------------------------
SELECT setval('"address_sequence_generator"', 200002, true);

-- ----------------------------
-- Alter sequences owned by
-- ----------------------------
SELECT setval('"calculation_sequence_generator"', 10002, true);

-- ----------------------------
-- Alter sequences owned by
-- ----------------------------
SELECT setval('"checkbox_sequence_generator"', 10002, true);

-- ----------------------------
-- Alter sequences owned by
-- ----------------------------
SELECT setval('"data_change_sequence_generator"', 10002, true);

-- ----------------------------
-- Alter sequences owned by
-- ----------------------------
SELECT setval('"date_sequence_generator"', 10002, true);

-- ----------------------------
-- Alter sequences owned by
-- ----------------------------
SELECT setval('"date_time_sequence_generator"', 10002, true);

-- ----------------------------
-- Alter sequences owned by
-- ----------------------------
SELECT setval('"email_sequence_generator"', 10002, true);

-- ----------------------------
-- Alter sequences owned by
-- ----------------------------
SELECT setval('"field_info_item_sequence_generator"', 10002, true);

-- ----------------------------
-- Alter sequences owned by
-- ----------------------------
SELECT setval('"field_info_personal_sequence_generator"', 10002, true);

-- ----------------------------
-- Alter sequences owned by
-- ----------------------------
SELECT setval('"field_info_sequence_generator"', 10002, true);

-- ----------------------------
-- Alter sequences owned by
-- ----------------------------
SELECT setval('"field_info_tab_personal_sequence_generator"', 10002, true);

-- ----------------------------
-- Alter sequences owned by
-- ----------------------------
SELECT setval('"field_info_tab_sequence_generator"', 10002, true);

-- ----------------------------
-- Alter sequences owned by
-- ----------------------------
SELECT setval('"file_sequence_generator"', 10002, true);

-- ----------------------------
-- Alter sequences owned by
-- ----------------------------
SELECT setval('"heading_sequence_generator"', 10002, true);

-- ----------------------------
-- Alter sequences owned by
-- ----------------------------
SELECT setval('"languages_sequence_generator"', 10002, false);

-- ----------------------------
-- Alter sequences owned by
-- ----------------------------
SELECT setval('"link_sequence_generator"', 10002, true);

-- ----------------------------
-- Alter sequences owned by
-- ----------------------------
SELECT setval('"list_view_settings_filters_sequence_generator"', 10002, false);

-- ----------------------------
-- Alter sequences owned by
-- ----------------------------
SELECT setval('"list_view_settings_sequence_generator"', 10002, true);

-- ----------------------------
-- Alter sequences owned by
-- ----------------------------
SELECT setval('"lookup_sequence_generator"', 10002, true);

-- ----------------------------
-- Alter sequences owned by
-- ----------------------------
SELECT setval('"multiple_pulldown_sequence_generator"', 10002, true);

-- ----------------------------
-- Alter sequences owned by
-- ----------------------------
SELECT setval('"numeric_sequence_generator"', 10002, true);

-- ----------------------------
-- Alter sequences owned by
-- ----------------------------
SELECT setval('"phone_number_sequence_generator"', 10002, true);

-- ----------------------------
-- Alter sequences owned by
-- ----------------------------
SELECT setval('"pulldown_sequence_generator"', 10002, true);

-- ----------------------------
-- Alter sequences owned by
-- ----------------------------
SELECT setval('"radio_sequence_generator"', 10002, true);

-- ----------------------------
-- Alter sequences owned by
-- ----------------------------
SELECT setval('"relation_sequence_generator"', 10002, true);

-- ----------------------------
-- Alter sequences owned by
-- ----------------------------
SELECT setval('"select_organization_sequence_generator"', 10002, true);

-- ----------------------------
-- Alter sequences owned by
-- ----------------------------
SELECT setval('"suggestions_choice_sequence_generator"', 10002, true);

-- ----------------------------
-- Alter sequences owned by
-- ----------------------------
SELECT setval('"tab_info_sequence_generator"', 10002, true);

-- ----------------------------
-- Alter sequences owned by
-- ----------------------------
SELECT setval('"tab_sequence_generator"', 10002, true);

-- ----------------------------
-- Alter sequences owned by
-- ----------------------------
SELECT setval('"text_sequence_generator"', 10002, true);

-- ----------------------------
-- Alter sequences owned by
-- ----------------------------
SELECT setval('"textarea_sequence_generator"', 10002, true);

-- ----------------------------
-- Alter sequences owned by
-- ----------------------------
SELECT setval('"time_sequence_generator"', 10002, true);

-- ----------------------------
-- Alter sequences owned by
-- ----------------------------
SELECT setval('"timezone_sequence_generator"', 10051, false);

-- ----------------------------
-- Primary Key structure for table addresses
-- ----------------------------
ALTER TABLE "addresses" ADD CONSTRAINT "addresses_pkey" PRIMARY KEY ("zip_code");

-- ----------------------------
-- Primary Key structure for table data_change
-- ----------------------------
ALTER TABLE "data_change" ADD CONSTRAINT "data_change_pkey" PRIMARY KEY ("data_change_id");

-- ----------------------------
-- Primary Key structure for table date_formats
-- ----------------------------
ALTER TABLE "date_formats" ADD CONSTRAINT "date_formats_pkey" PRIMARY KEY ("date_format_id");

-- ----------------------------
-- Primary Key structure for table field_info
-- ----------------------------
ALTER TABLE "field_info" ADD CONSTRAINT "field_info_pkey" PRIMARY KEY ("field_id");

-- ----------------------------
-- Primary Key structure for table field_info_item
-- ----------------------------
ALTER TABLE "field_info_item" ADD CONSTRAINT "field_info_item_pkey" PRIMARY KEY ("item_id");

-- ----------------------------
-- Primary Key structure for table field_info_personal
-- ----------------------------
ALTER TABLE "field_info_personal" ADD CONSTRAINT "field_info_personal_pkey" PRIMARY KEY ("field_info_personal_id");

-- ----------------------------
-- Primary Key structure for table field_info_tab
-- ----------------------------
ALTER TABLE "field_info_tab" ADD CONSTRAINT "field_info_tab_pkey" PRIMARY KEY ("field_info_tab_id");

-- ----------------------------
-- Primary Key structure for table field_info_tab_personal
-- ----------------------------
ALTER TABLE "field_info_tab_personal" ADD CONSTRAINT "field_info_tab_personal_pkey" PRIMARY KEY ("field_info_tab_personal_id");

-- ----------------------------
-- Primary Key structure for table import_histories
-- ----------------------------
ALTER TABLE "import_histories" ADD CONSTRAINT "import_histories_pkey" PRIMARY KEY ("import_history_id");

-- ----------------------------
-- Primary Key structure for table languages
-- ----------------------------
ALTER TABLE "languages" ADD CONSTRAINT "languages_pkey" PRIMARY KEY ("language_id");

-- ----------------------------
-- Primary Key structure for table list_view_settings
-- ----------------------------
ALTER TABLE "list_view_settings" ADD CONSTRAINT "list_view_settings_pkey" PRIMARY KEY ("list_view_setting_id");

-- ----------------------------
-- Primary Key structure for table list_view_settings_filters
-- ----------------------------
ALTER TABLE "list_view_settings_filters" ADD CONSTRAINT "list_view_settings_filters_pkey" PRIMARY KEY ("list_view_setting_filter_id");

-- ----------------------------
-- Primary Key structure for table services_info
-- ----------------------------
ALTER TABLE "services_info" ADD CONSTRAINT "services_info_pkey" PRIMARY KEY ("service_id");

-- ----------------------------
-- Primary Key structure for table suggestions_choice
-- ----------------------------
ALTER TABLE "suggestions_choice" ADD CONSTRAINT "suggestions_choice_pkey" PRIMARY KEY ("suggestions_choice_id");

-- ----------------------------
-- Primary Key structure for table tab_info
-- ----------------------------
ALTER TABLE "tab_info" ADD CONSTRAINT "tab_info_pkey" PRIMARY KEY ("tab_info_id");

-- ----------------------------
-- Primary Key structure for table timezones
-- ----------------------------
ALTER TABLE "timezones" ADD CONSTRAINT "timezones_pkey" PRIMARY KEY ("timezone_id");
